Reuse&Unsatcore_file_path,Reuse&Unsatcore_time,Reuse&Unsatcore_k,Reuse&Unsatcore_solver,Reuse&Unsatcore_neg_state,Reuse&Unsatcore_num_s,Reuse&Unsatcore_num_t,Reuse&Unsatcore_num_gen,Reuse&Unsatcore_status,Reuse&Unsatcore_frame_sizes,Reuse&Unsatcore_elapsed_time
/home/ubuntu/Lustre-exp/kind2-benchmarks/FMCAD08/Int/large/microwave01.lus,0.591,3,78,2,0,0,Not Found,safe,1 0,1.04
/home/ubuntu/Lustre-exp/kind2-benchmarks/FMCAD08/Int/large/microwave06.lus,20.724,9,4360,52,0,4,Not Found,timeout,10 8 7 6 5 4 3 2 1,290.165
/home/ubuntu/Lustre-exp/kind2-benchmarks/FMCAD08/Int/large/microwave07.lus,1.094,3,201,6,1,0,Not Found,timeout,4 2 1,290.197
/home/ubuntu/Lustre-exp/kind2-benchmarks/FMCAD08/Int/large/microwave08.lus,7.768,5,1343,26,0,2,Not Found,timeout,7 4 3 2 1,290.268
/home/ubuntu/Lustre-exp/kind2-benchmarks/FMCAD08/Int/large/microwave09.lus,2.489,3,561,7,1,0,Not Found,timeout,8 5 1,290.126
/home/ubuntu/Lustre-exp/kind2-benchmarks/FMCAD08/Int/large/microwave10.lus,6.204,5,859,14,0,1,Not Found,timeout,6 4 3 2 1,290.135
/home/ubuntu/Lustre-exp/kind2-benchmarks/FMCAD08/Int/large/microwave11.lus,2.171,3,319,8,0,0,Not Found,timeout,4 2 1,290.118
/home/ubuntu/Lustre-exp/kind2-benchmarks/FMCAD08/Int/large/microwave13.lus,5.419,5,859,14,0,1,Not Found,timeout,6 4 3 2 1,290.154
/home/ubuntu/Lustre-exp/kind2-benchmarks/FMCAD08/Int/large/microwave14.lus,1.137,2,65,5,0,0,Not Found,unsafe,0,1.569
/home/ubuntu/Lustre-exp/kind2-benchmarks/FMCAD08/Int/large/microwave17.lus,4.516,3,465,12,0,0,Not Found,safe,11 5,4.952
/home/ubuntu/Lustre-exp/kind2-benchmarks/FMCAD08/Int/large/microwave18.lus,1.055,2,55,4,0,0,Not Found,unsafe,0,1.495
/home/ubuntu/Lustre-exp/kind2-benchmarks/FMCAD08/Int/large/microwave19.lus,2.795,3,297,9,0,0,Not Found,safe,8 4,3.285
/home/ubuntu/Lustre-exp/kind2-benchmarks/FMCAD08/Int/large/microwave23.lus,1.298,2,91,6,0,0,Not Found,unsafe,0,1.722
/home/ubuntu/Lustre-exp/kind2-benchmarks/FMCAD08/Int/large/microwave24.lus,40.655,3,373,10,0,0,Not Found,safe,9 3,41.096
/home/ubuntu/Lustre-exp/kind2-benchmarks/FMCAD08/Int/large/microwave26.lus,Not Found,Not Found,Not Found,Not Found,Not Found,Not Found,Not Found,timeout,Not Found,290.118
/home/ubuntu/Lustre-exp/kind2-benchmarks/FMCAD08/Int/large/microwave27.lus,Not Found,Not Found,Not Found,Not Found,Not Found,Not Found,Not Found,timeout,Not Found,290.118
/home/ubuntu/Lustre-exp/kind2-benchmarks/FMCAD08/Int/large/microwave28.lus,1.192,2,67,5,0,0,Not Found,unsafe,0,1.644
/home/ubuntu/Lustre-exp/kind2-benchmarks/FMCAD08/Int/large/microwave29.lus,22.973,3,254,8,0,0,Not Found,safe,7 3,23.407
/home/ubuntu/Lustre-exp/kind2-benchmarks/FMCAD08/Int/large/microwave30.lus,4.292,3,352,10,0,0,Not Found,safe,9 4,4.728
/home/ubuntu/Lustre-exp/kind2-benchmarks/FMCAD08/Int/large/microwave31.lus,6.258,2,318,12,1,0,Not Found,unsafe,0,6.692
/home/ubuntu/Lustre-exp/kind2-benchmarks/FMCAD08/Int/large/microwave34.lus,10.414,2,312,15,1,0,Not Found,unsafe,0,10.833
/home/ubuntu/Lustre-exp/kind2-benchmarks/FMCAD08/Int/large/microwave36.lus,27.801,2,361,17,0,0,Not Found,unsafe,0,28.225
/home/ubuntu/Lustre-exp/kind2-benchmarks/FMCAD08/Int/large/microwave37.lus,Not Found,Not Found,Not Found,Not Found,Not Found,Not Found,Not Found,timeout,Not Found,290.118
/home/ubuntu/Lustre-exp/kind2-benchmarks/FMCAD08/Int/large/microwave38.lus,75.079,1,207,13,0,0,Not Found,timeout,13,290.118
/home/ubuntu/Lustre-exp/kind2-benchmarks/FMCAD08/Int/memory1/DRAGON_11.lus,77.863,2,15557,85,2,0,Not Found,timeout,164 83,290.234
/home/ubuntu/Lustre-exp/kind2-benchmarks/FMCAD08/Int/memory1/DRAGON_11_e1_2450_e2_1483.lus,0.21,1,71,5,0,0,Not Found,timeout,5,290.314
/home/ubuntu/Lustre-exp/kind2-benchmarks/FMCAD08/Int/memory1/DRAGON_11_e2_1678_e1_3565.lus,0.182,1,55,4,0,0,Not Found,timeout,4,290.366
/home/ubuntu/Lustre-exp/kind2-benchmarks/FMCAD08/Int/memory1/DRAGON_11_e2_5396_e3_282.lus,0.182,1,53,4,0,0,Not Found,timeout,4,290.307
/home/ubuntu/Lustre-exp/kind2-benchmarks/FMCAD08/Int/memory1/DRAGON_11_e3_382_e1_505.lus,8.48,3,3023,30,4,1,Not Found,timeout,60 47 24,290.214
/home/ubuntu/Lustre-exp/kind2-benchmarks/FMCAD08/Int/memory1/DRAGON_11_e3_382_e4_4421.lus,137.124,4,20037,80,5,9,Not Found,timeout,169 151 115 58,290.185
/home/ubuntu/Lustre-exp/kind2-benchmarks/FMCAD08/Int/memory1/DRAGON_12.lus,4.892,5,2183,19,2,2,Not Found,safe,34 29 24 11,5.307
/home/ubuntu/Lustre-exp/kind2-benchmarks/FMCAD08/Int/memory1/DRAGON_12_e2_1618.lus,8.243,6,3120,15,2,0,Not Found,safe,19 10 6 2 0,8.636
/home/ubuntu/Lustre-exp/kind2-benchmarks/FMCAD08/Int/memory1/DRAGON_12_e2_1618_e1_6030.lus,3.573,5,1763,17,2,2,Not Found,safe,25 21 16 7,3.962
/home/ubuntu/Lustre-exp/kind2-benchmarks/FMCAD08/Int/memory1/DRAGON_12_e2_1618_e2_138.lus,2.75,5,1607,17,2,2,Not Found,safe,27 23 18 8,3.143
/home/ubuntu/Lustre-exp/kind2-benchmarks/FMCAD08/Int/memory1/DRAGON_12_e2_1618_e3_2012.lus,9.77,6,3838,24,3,4,Not Found,safe,41 37 34 21 9,10.157
/home/ubuntu/Lustre-exp/kind2-benchmarks/FMCAD08/Int/memory1/DRAGON_13.lus,3.014,4,1608,24,6,0,Not Found,safe,25 21 10,3.402
/home/ubuntu/Lustre-exp/kind2-benchmarks/FMCAD08/Int/memory1/DRAGON_13_e3_1418_e3_2761.lus,88.181,14,15529,50,11,3,Not Found,safe,21 16 11 9 8 7 6 5 4 3 2 1 0,88.589
/home/ubuntu/Lustre-exp/kind2-benchmarks/FMCAD08/Int/memory1/DRAGON_14.lus,204.83,9,28471,114,9,19,Not Found,timeout,104 99 91 84 79 75 69 63 53,290.168
/home/ubuntu/Lustre-exp/kind2-benchmarks/FMCAD08/Int/memory1/DRAGON_14_e1_5710.lus,173.599,7,28393,112,11,8,Not Found,timeout,163 155 145 143 129 101 50,290.15
/home/ubuntu/Lustre-exp/kind2-benchmarks/FMCAD08/Int/memory1/DRAGON_14_e2_3606.lus,182.792,9,21698,68,11,5,Not Found,timeout,89 84 77 73 69 66 61 50 30,290.14
/home/ubuntu/Lustre-exp/kind2-benchmarks/FMCAD08/Int/memory1/DRAGON_14_e3_1259_e1_5798.lus,173.871,10,23888,66,13,5,Not Found,timeout,71 64 58 57 53 49 45 34 21 11,290.152
/home/ubuntu/Lustre-exp/kind2-benchmarks/FMCAD08/Int/memory1/DRAGON_14_e3_5120.lus,205.476,10,21878,59,9,5,Not Found,timeout,79 74 66 65 61 57 50 40 20 10,290.141
/home/ubuntu/Lustre-exp/kind2-benchmarks/FMCAD08/Int/memory1/DRAGON_14_e7_3162.lus,0.94,2,435,15,1,0,Not Found,unsafe,16 9,1.324
/home/ubuntu/Lustre-exp/kind2-benchmarks/FMCAD08/Int/memory1/DRAGON_14_e7_3162_e1_3998.lus,0.826,2,394,13,1,0,Not Found,unsafe,15 6,1.219
/home/ubuntu/Lustre-exp/kind2-benchmarks/FMCAD08/Int/memory1/DRAGON_14_e7_3162_e2_753.lus,1.28,2,605,19,2,0,Not Found,unsafe,23 11,1.689
/home/ubuntu/Lustre-exp/kind2-benchmarks/FMCAD08/Int/memory1/DRAGON_14_e7_3162_e3_4298.lus,0.81,2,323,12,1,0,Not Found,unsafe,14 6,1.214
/home/ubuntu/Lustre-exp/kind2-benchmarks/FMCAD08/Int/memory1/DRAGON_14_e7_3162_e7_3528.lus,0.612,2,263,10,1,0,Not Found,unsafe,11 5,1.001
/home/ubuntu/Lustre-exp/kind2-benchmarks/FMCAD08/Int/memory1/DRAGON_4.lus,4.513,5,2573,26,8,2,Not Found,safe,38 33 25 9,4.904
/home/ubuntu/Lustre-exp/kind2-benchmarks/FMCAD08/Int/memory1/DRAGON_4_e1_4312.lus,8.139,5,3669,27,8,2,Not Found,safe,42 36 27 7,8.522
/home/ubuntu/Lustre-exp/kind2-benchmarks/FMCAD08/Int/memory1/DRAGON_4_e2_2799.lus,5.423,5,2407,22,6,0,Not Found,safe,37 31 23 8,5.833
/home/ubuntu/Lustre-exp/kind2-benchmarks/FMCAD08/Int/memory1/DRAGON_4_e2_2799_e1_1303.lus,42.273,7,11792,58,10,5,Not Found,safe,90 84 77 61 42 20,42.664
/home/ubuntu/Lustre-exp/kind2-benchmarks/FMCAD08/Int/memory1/DRAGON_4_e2_2799_e2_2251.lus,19.375,7,6611,42,12,5,Not Found,safe,41 36 30 26 19 7,19.755
/home/ubuntu/Lustre-exp/kind2-benchmarks/FMCAD08/Int/memory1/DRAGON_4_e2_2799_e3_1915.lus,6.753,5,2958,27,8,0,Not Found,safe,42 37 26 9,7.158
/home/ubuntu/Lustre-exp/kind2-benchmarks/FMCAD08/Int/memory1/DRAGON_4_e3_1540_e1_5048.lus,11.844,6,4575,32,9,5,Not Found,safe,47 41 37 24 7,12.235
/home/ubuntu/Lustre-exp/kind2-benchmarks/FMCAD08/Int/memory1/DRAGON_4_e3_4133.lus,25.295,7,7595,34,11,4,Not Found,safe,52 47 43 34 16 7,25.699
/home/ubuntu/Lustre-exp/kind2-benchmarks/FMCAD08/Int/memory1/DRAGON_5.lus,0.505,4,351,7,1,0,Not Found,safe,9 7 3,0.9
/home/ubuntu/Lustre-exp/kind2-benchmarks/FMCAD08/Int/memory1/DRAGON_5_e1_1835.lus,0.657,4,482,8,1,0,Not Found,safe,10 8 5,1.038
/home/ubuntu/Lustre-exp/kind2-benchmarks/FMCAD08/Int/memory1/DRAGON_5_e2_3018_e2_936.lus,0.49,4,333,7,1,0,Not Found,safe,9 7 3,0.877
/home/ubuntu/Lustre-exp/kind2-benchmarks/FMCAD08/Int/memory1/DRAGON_8.lus,0.317,3,214,6,2,0,Not Found,timeout,7 6 3,290.217
/home/ubuntu/Lustre-exp/kind2-benchmarks/FMCAD08/Int/memory1/DRAGON_8_e3_786_e7_4541.lus,0.378,4,219,6,2,0,Not Found,safe,6 5 3,0.772
/home/ubuntu/Lustre-exp/kind2-benchmarks/FMCAD08/Int/memory1/DRAGON_8_e7_3752.lus,0.466,4,284,8,2,0,Not Found,safe,8 7 4,0.852
/home/ubuntu/Lustre-exp/kind2-benchmarks/FMCAD08/Int/memory1/DRAGON_all2.lus,8.851,6,2921,27,4,0,Not Found,safe,26 22 20 18 10,9.241
/home/ubuntu/Lustre-exp/kind2-benchmarks/FMCAD08/Int/memory1/DRAGON_all2_e3_4612_e1_6463.lus,3.372,4,1444,26,4,0,Not Found,safe,19 14 8,3.768
/home/ubuntu/Lustre-exp/kind2-benchmarks/FMCAD08/Int/memory1/DRAGON_all2_e3_4612_e2_5774.lus,6.629,5,2301,26,6,0,Not Found,safe,24 20 17 8,7.035
/home/ubuntu/Lustre-exp/kind2-benchmarks/FMCAD08/Int/memory1/DRAGON_all2_e3_4612_e3_1543.lus,4.367,6,1859,20,3,0,Not Found,safe,8 4 3 1 0,4.78
/home/ubuntu/Lustre-exp/kind2-benchmarks/FMCAD08/Int/memory1/DRAGON_all2_e3_4612_e4_3719.lus,4.632,4,1616,26,3,0,Not Found,safe,20 14 8,5.062
/home/ubuntu/Lustre-exp/kind2-benchmarks/FMCAD08/Int/memory1/DRAGON_all2_e3_4612_e5_3642.lus,5.839,5,2099,26,3,0,Not Found,safe,22 17 14 12,6.257
/home/ubuntu/Lustre-exp/kind2-benchmarks/FMCAD08/Int/memory1/FIREFLY_11_e1_3457.lus,0.071,1,40,3,0,0,Not Found,timeout,3,290.249
/home/ubuntu/Lustre-exp/kind2-benchmarks/FMCAD08/Int/memory1/FIREFLY_4_e3_3511_e1_2375.lus,0.113,2,63,4,1,0,Not Found,unsafe,2 1,0.464
/home/ubuntu/Lustre-exp/kind2-benchmarks/FMCAD08/Int/memory1/FIREFLY_4_e3_3511_e4_1464.lus,0.169,2,74,5,1,0,Not Found,unsafe,2 1,0.539
/home/ubuntu/Lustre-exp/kind2-benchmarks/FMCAD08/Int/memory1/FIREFLY_6_e2_3302.lus,1.096,5,1109,11,2,3,Not Found,safe,18 15 10 5,1.467
/home/ubuntu/Lustre-exp/kind2-benchmarks/FMCAD08/Int/memory1/FIREFLY_7.lus,36.836,7,8696,48,4,3,Not Found,safe,25 17 13 8 4 0,37.215
/home/ubuntu/Lustre-exp/kind2-benchmarks/FMCAD08/Int/memory1/FIREFLY_a3_e3_314_e1_1979.lus,0.216,2,120,7,1,0,Not Found,unsafe,3 2,0.581
/home/ubuntu/Lustre-exp/kind2-benchmarks/FMCAD08/Int/memory1/FIREFLY_a3_e3_314_e4_897.lus,0.235,2,120,7,1,0,Not Found,unsafe,3 2,0.595
/home/ubuntu/Lustre-exp/kind2-benchmarks/FMCAD08/Int/memory1/FIREFLY_luke_1a_e7_3042_e3_1213.lus,175.677,13,18836,104,4,30,Not Found,timeout,34 33 32 31 30 29 28 26 25 23 22 20 19,290.163
/home/ubuntu/Lustre-exp/kind2-benchmarks/FMCAD08/Int/memory1/FIREFLY_luke_2_e2_1375_e1_418.lus,0.455,4,465,7,2,0,Not Found,safe,10 8 5,0.825
/home/ubuntu/Lustre-exp/kind2-benchmarks/FMCAD08/Int/memory1/FIREFLY_luke_2_e7_1826_e8_126.lus,0.448,4,457,7,2,0,Not Found,safe,10 8 5,0.801
/home/ubuntu/Lustre-exp/kind2-benchmarks/FMCAD08/Int/memory1/FIREFLY_luke_3.lus,5.458,6,2850,28,1,1,Not Found,safe,42 37 28 19 9,5.821
/home/ubuntu/Lustre-exp/kind2-benchmarks/FMCAD08/Int/memory1/FIREFLY_luke_3_e1_2217_e3_1200.lus,2.024,5,1457,19,3,1,Not Found,safe,26 22 17 9,2.391
/home/ubuntu/Lustre-exp/kind2-benchmarks/FMCAD08/Int/memory1/FIREFLY_rt.lus,0.595,4,574,10,2,0,Not Found,safe,11 9 5,0.957
/home/ubuntu/Lustre-exp/kind2-benchmarks/FMCAD08/Int/memory1/FIREFLY_rt_e3_1770_e2_637.lus,0.666,4,595,11,2,0,Not Found,safe,11 9 5,1.029
/home/ubuntu/Lustre-exp/kind2-benchmarks/FMCAD08/Int/memory1/FIREFLY_u1.lus,2.417,7,1840,10,2,0,Not Found,safe,6 4 3 2 1 0,2.782
/home/ubuntu/Lustre-exp/kind2-benchmarks/FMCAD08/Int/memory1/FIREFLY_u1_e2_3403_e2_957.lus,8.249,7,3683,20,4,1,Not Found,safe,35 31 29 27 19 6,8.608
/home/ubuntu/Lustre-exp/kind2-benchmarks/FMCAD08/Int/memory2/ILLINOIS_a1.lus,0.488,4,430,10,3,0,Not Found,safe,9 7 4,0.854
/home/ubuntu/Lustre-exp/kind2-benchmarks/FMCAD08/Int/memory2/ILLINOIS_r4a.lus,0.904,4,777,13,3,1,Not Found,safe,19 15 7,1.263
/home/ubuntu/Lustre-exp/kind2-benchmarks/FMCAD08/Int/memory2/MESI_3.lus,1.178,5,749,14,0,0,Not Found,safe,7 3 2 1,1.53
/home/ubuntu/Lustre-exp/kind2-benchmarks/FMCAD08/Int/memory2/MESI_3_e1_2517_e8_2163.lus,1.716,6,1085,15,0,0,Not Found,safe,11 8 7 3 2,2.077
/home/ubuntu/Lustre-exp/kind2-benchmarks/FMCAD08/Int/memory2/MESI_3_e2_819_e1_1145.lus,1.265,5,749,14,0,0,Not Found,safe,7 3 2 1,1.619
/home/ubuntu/Lustre-exp/kind2-benchmarks/FMCAD08/Int/memory2/MESI_3_e2_819_e4_1595.lus,1.234,5,749,14,0,0,Not Found,safe,7 3 2 1,1.575
/home/ubuntu/Lustre-exp/kind2-benchmarks/FMCAD08/Int/memory2/MESI_i4_e6_2175.lus,0.722,5,826,15,2,3,Not Found,safe,16 14 10 6,1.063
/home/ubuntu/Lustre-exp/kind2-benchmarks/FMCAD08/Int/memory2/MESI_i4_e7_1017_e6_1132.lus,0.785,5,782,15,2,3,Not Found,safe,16 14 10 6,1.127
/home/ubuntu/Lustre-exp/kind2-benchmarks/FMCAD08/Int/misc/_6counters.lus,6.621,9,4704,37,5,4,Not Found,unsafe,37 35 30 26 23 20 15 11 6,6.97
/home/ubuntu/Lustre-exp/kind2-benchmarks/FMCAD08/Int/misc/_6counters_e3_140_e8_149.lus,0.487,4,645,11,1,1,Not Found,timeout,11 9 7 4,290.24
/home/ubuntu/Lustre-exp/kind2-benchmarks/FMCAD08/Int/misc/_6counters_e8_371_e3_224.lus,0.461,4,645,11,1,1,Not Found,timeout,11 9 7 4,290.281
/home/ubuntu/Lustre-exp/kind2-benchmarks/FMCAD08/Int/misc/_6counters_e8_371_e7_304.lus,1.379,4,1093,16,1,0,Not Found,unsafe,17 14 11 8,1.722
/home/ubuntu/Lustre-exp/kind2-benchmarks/FMCAD08/Int/misc/twisted_counters.lus,7.317,9,4714,36,3,11,Not Found,safe,48 46 41 38 36 32 24 15,7.664
/home/ubuntu/Lustre-exp/kind2-benchmarks/FMCAD08/Int/misc/two_counters.lus,1.198,6,1628,19,3,5,Not Found,safe,28 26 21 17 10,1.549
/home/ubuntu/Lustre-exp/kind2-benchmarks/FMCAD08/Int/protocol/rtp_vt.lus,138.591,9,21559,105,8,11,Not Found,safe,127 126 124 121 116 113 89 46,139.019
/home/ubuntu/Lustre-exp/kind2-benchmarks/FMCAD08/Int/protocol/swimmingpool_1.lus,1.307,4,673,13,2,0,Not Found,unsafe,9 7 4 1,1.678
/home/ubuntu/Lustre-exp/kind2-benchmarks/FMCAD08/Int/protocol/swimmingpool_6_e7_10_e7_341.lus,0.713,4,431,12,1,1,Not Found,unsafe,9 7 4 1,1.076
/home/ubuntu/Lustre-exp/kind2-benchmarks/FMCAD08/Int/protocol/swimmingpool_6_e7_399.lus,0.909,4,466,16,1,0,Not Found,unsafe,13 10 6 2,1.265
/home/ubuntu/Lustre-exp/kind2-benchmarks/FMCAD08/Int/protocol/swimmingpool_8.lus,0.273,2,127,9,1,0,Not Found,unsafe,6 2,0.631
/home/ubuntu/Lustre-exp/kind2-benchmarks/FMCAD08/Int/protocol/swimmingpool_9.lus,0.438,2,162,12,1,0,Not Found,unsafe,9 1,0.809
/home/ubuntu/Lustre-exp/kind2-benchmarks/FMCAD08/Int/simulation/car_5.lus,39.23,12,10156,71,2,11,Not Found,safe,41 39 37 35 34 33 30 26 21 15 8,39.577
/home/ubuntu/Lustre-exp/kind2-benchmarks/FMCAD08/Int/simulation/car_5_e2_405_e2_1083.lus,0.26,2,135,10,0,0,Not Found,unsafe,8 1,0.604
/home/ubuntu/Lustre-exp/kind2-benchmarks/FMCAD08/Int/simulation/car_5_e2_405_e3_473.lus,0.287,2,135,10,0,0,Not Found,unsafe,8 1,0.644
/home/ubuntu/Lustre-exp/kind2-benchmarks/FMCAD08/Int/simulation/car_5_e2_405_e8_1055.lus,0.283,2,135,10,0,0,Not Found,unsafe,8 1,0.623
/home/ubuntu/Lustre-exp/kind2-benchmarks/FMCAD08/Int/simulation/car_5_e3_11_e1_429.lus,0.286,2,135,10,0,0,Not Found,unsafe,8 1,0.639
/home/ubuntu/Lustre-exp/kind2-benchmarks/FMCAD08/Int/simulation/car_5_e3_11_e5_24.lus,0.326,2,135,10,0,0,Not Found,unsafe,8 1,0.663
/home/ubuntu/Lustre-exp/kind2-benchmarks/FMCAD08/Int/simulation/car_5_e3_661.lus,0.32,2,135,10,0,0,Not Found,unsafe,8 1,0.664
/home/ubuntu/Lustre-exp/kind2-benchmarks/FMCAD08/Int/simulation/car_5_e7_244.lus,95.411,14,17053,107,3,17,Not Found,safe,33 31 29 27 25 23 21 19 17 15 14 9 5,95.79
/home/ubuntu/Lustre-exp/kind2-benchmarks/FMCAD08/Int/simulation/car_5_e7_244_e1_823.lus,12.553,11,5705,39,2,1,Not Found,safe,25 24 22 20 18 17 15 14 10 6,12.895
/home/ubuntu/Lustre-exp/kind2-benchmarks/FMCAD08/Int/simulation/car_5_e7_244_e2_693.lus,0.249,2,131,10,0,0,Not Found,unsafe,8 1,0.593
/home/ubuntu/Lustre-exp/kind2-benchmarks/FMCAD08/Int/simulation/car_5_e7_244_e3_1071.lus,0.298,2,131,10,0,0,Not Found,unsafe,8 1,0.653
/home/ubuntu/Lustre-exp/kind2-benchmarks/FMCAD08/Int/simulation/car_6.lus,86.199,14,19648,159,0,67,Not Found,safe,114 112 108 103 97 90 82 73 63 52 40 27 13,86.568
/home/ubuntu/Lustre-exp/kind2-benchmarks/FMCAD08/Int/simulation/car_6_e1_152.lus,25.794,14,9156,56,0,1,Not Found,safe,26 24 22 20 18 16 14 12 10 8 6 5 2,26.144
/home/ubuntu/Lustre-exp/kind2-benchmarks/FMCAD08/Int/simulation/car_6_e1_152_e1_391.lus,1.943,7,1726,24,0,2,Not Found,safe,18 17 14 13 11 5,2.299
/home/ubuntu/Lustre-exp/kind2-benchmarks/FMCAD08/Int/simulation/car_6_e2_589_e2_506.lus,0.348,2,219,15,0,0,Not Found,unsafe,13 3,0.691
/home/ubuntu/Lustre-exp/kind2-benchmarks/FMCAD08/Int/simulation/car_6_e2_589_e3_349.lus,0.318,2,158,12,0,0,Not Found,unsafe,10 1,0.661
/home/ubuntu/Lustre-exp/kind2-benchmarks/FMCAD08/Int/simulation/car_6_e2_893.lus,0.295,2,171,13,0,0,Not Found,unsafe,11 2,0.639
/home/ubuntu/Lustre-exp/kind2-benchmarks/FMCAD08/Int/simulation/car_6_e3_294_e1_956.lus,0.342,2,158,12,0,0,Not Found,unsafe,10 1,0.685
/home/ubuntu/Lustre-exp/kind2-benchmarks/FMCAD08/Int/simulation/car_6_e3_294_e3_47.lus,0.363,2,171,13,0,0,Not Found,unsafe,11 2,0.703
/home/ubuntu/Lustre-exp/kind2-benchmarks/FMCAD08/Int/simulation/car_6_e3_294_e5_979.lus,0.367,2,171,13,0,0,Not Found,unsafe,11 2,0.712
/home/ubuntu/Lustre-exp/kind2-benchmarks/FMCAD08/Int/simulation/cd.lus,14.187,9,10443,93,2,43,Not Found,safe,120 117 113 106 95 80 59 30,14.53
/home/ubuntu/Lustre-exp/kind2-benchmarks/FMCAD08/Int/simulation/cd_e7_621_e7_669.lus,0.244,2,168,12,1,0,Not Found,unsafe,8 1,0.592
/home/ubuntu/Lustre-exp/kind2-benchmarks/FMCAD08/Int/simulation/cd_e7_8.lus,0.174,2,130,10,1,0,Not Found,unsafe,8 1,0.519
/home/ubuntu/Lustre-exp/kind2-benchmarks/FMCAD08/Int/simulation/Gas.lus,0.031,1,22,2,0,0,Not Found,timeout,2,290.225
/home/ubuntu/Lustre-exp/kind2-benchmarks/FMCAD08/Int/simulation/metros_1.lus,0.463,3,343,12,1,0,Not Found,safe,13 9,0.807
/home/ubuntu/Lustre-exp/kind2-benchmarks/FMCAD08/Int/simulation/metros_1_e1_846_e1_1317.lus,0.913,4,688,19,0,0,Not Found,safe,18 16 10,1.262
/home/ubuntu/Lustre-exp/kind2-benchmarks/FMCAD08/Int/simulation/metros_1_e1_846_e3_1060.lus,1.816,5,1237,22,0,0,Not Found,safe,21 19 17 10,2.166
/home/ubuntu/Lustre-exp/kind2-benchmarks/FMCAD08/Int/simulation/metros_1_e1_846_e7_397.lus,0.637,4,529,15,0,0,Not Found,safe,9 6 4,0.99
/home/ubuntu/Lustre-exp/kind2-benchmarks/FMCAD08/Int/simulation/metros_1_e2_1102_e1_317.lus,0.851,4,664,16,0,0,Not Found,safe,4 1 0,1.201
/home/ubuntu/Lustre-exp/kind2-benchmarks/FMCAD08/Int/simulation/metros_1_e2_1102_e2_943.lus,0.258,3,205,10,0,0,Not Found,safe,9 8,0.603
/home/ubuntu/Lustre-exp/kind2-benchmarks/FMCAD08/Int/simulation/metros_1_e2_1102_e3_961.lus,0.858,4,648,17,0,0,Not Found,safe,13 8 5,1.212
/home/ubuntu/Lustre-exp/kind2-benchmarks/FMCAD08/Int/simulation/metros_1_e2_1102_e7_1163.lus,0.408,4,372,12,0,0,Not Found,safe,6 5 4,0.744
/home/ubuntu/Lustre-exp/kind2-benchmarks/FMCAD08/Int/simulation/metros_1_e7_606.lus,0.835,4,672,16,0,0,Not Found,safe,8 4 2,1.176
/home/ubuntu/Lustre-exp/kind2-benchmarks/FMCAD08/Int/simulation/metros_2.lus,130.648,13,19340,128,0,78,Not Found,safe,136 134 131 128 121 113 103 91 77 61 43 22,131.023
/home/ubuntu/Lustre-exp/kind2-benchmarks/FMCAD08/Int/simulation/metros_2_e1_1116_e1_556.lus,16.149,7,4545,78,0,22,Not Found,unsafe,30 22 18 13 10 7 4,16.526
/home/ubuntu/Lustre-exp/kind2-benchmarks/FMCAD08/Int/simulation/metros_2_e1_1116_e2_617.lus,2.255,6,1532,26,0,0,Not Found,safe,12 9 7 5 2,2.602
/home/ubuntu/Lustre-exp/kind2-benchmarks/FMCAD08/Int/simulation/metros_2_e1_1116_e3_287.lus,0.911,2,422,21,0,0,Not Found,unsafe,20 10,1.265
/home/ubuntu/Lustre-exp/kind2-benchmarks/FMCAD08/Int/simulation/metros_2_e1_1116_e7_1440.lus,2.159,2,875,31,0,0,Not Found,unsafe,37 17,2.525
/home/ubuntu/Lustre-exp/kind2-benchmarks/FMCAD08/Int/simulation/metros_2_e1_190.lus,42.033,13,8867,63,0,14,Not Found,safe,49 46 42 40 39 38 37 35 32 27 20 10,42.418
/home/ubuntu/Lustre-exp/kind2-benchmarks/FMCAD08/Int/simulation/metros_2_e2_704_e1_389.lus,2.544,3,851,32,0,1,Not Found,unsafe,26 17 7,2.905
/home/ubuntu/Lustre-exp/kind2-benchmarks/FMCAD08/Int/simulation/metros_2_e2_704_e2_13.lus,0.457,4,423,12,0,0,Not Found,safe,5 4 2,0.806
/home/ubuntu/Lustre-exp/kind2-benchmarks/FMCAD08/Int/simulation/metros_2_e2_704_e3_76.lus,0.778,2,311,17,0,0,Not Found,unsafe,16 7,1.126
/home/ubuntu/Lustre-exp/kind2-benchmarks/FMCAD08/Int/simulation/metros_2_e2_704_e7_810.lus,1.885,3,718,30,0,0,Not Found,unsafe,19 7 3,2.237
/home/ubuntu/Lustre-exp/kind2-benchmarks/FMCAD08/Int/simulation/metros_2_e2_968.lus,5.474,3,1440,50,0,1,Not Found,unsafe,44 25 9,5.846
/home/ubuntu/Lustre-exp/kind2-benchmarks/FMCAD08/Int/simulation/metros_2_e3_112.lus,243.819,11,17170,43,0,0,Not Found,timeout,32 29 23 17 14 12 10 8 6 5 4,290.151
/home/ubuntu/Lustre-exp/kind2-benchmarks/FMCAD08/Int/simulation/metros_3.lus,272.45,23,23823,53,0,3,Not Found,timeout,27 23 22 21 20 19 18 17 16 15 14 13 12 11 10 9 8 7 6 5 4 3 2,290.175
/home/ubuntu/Lustre-exp/kind2-benchmarks/FMCAD08/Int/simulation/metros_3_e3_1275.lus,260.507,16,19921,69,0,0,Not Found,timeout,61 59 57 55 49 45 43 41 39 37 18 17 16 15 14 13,290.192
/home/ubuntu/Lustre-exp/kind2-benchmarks/FMCAD08/Int/simulation/metros_3_e3_1275_e1_1350.lus,16.334,7,3658,81,0,10,Not Found,unsafe,58 43 32 24 17 10 5,16.723
/home/ubuntu/Lustre-exp/kind2-benchmarks/FMCAD08/Int/simulation/metros_3_e3_1275_e5_846.lus,13.396,3,1903,62,0,1,Not Found,unsafe,57 34 6,13.773
/home/ubuntu/Lustre-exp/kind2-benchmarks/FMCAD08/Int/simulation/metros_3_e3_1275_e6_1315.lus,263.638,23,23823,53,0,3,Not Found,timeout,27 23 22 21 20 19 18 17 16 15 14 13 12 11 10 9 8 7 6 5 4 3 2,290.196
/home/ubuntu/Lustre-exp/kind2-benchmarks/FMCAD08/Int/simulation/metros_3_e3_1275_e7_529.lus,50.19,4,9702,144,0,5,Not Found,unsafe,96 65 35 16,50.598
/home/ubuntu/Lustre-exp/kind2-benchmarks/FMCAD08/Int/simulation/metros_3_e4_987.lus,250.066,19,20231,65,0,1,Not Found,timeout,42 39 37 35 33 31 29 27 25 22 21 20 19 18 17 16 15 14 13,290.218
/home/ubuntu/Lustre-exp/kind2-benchmarks/FMCAD08/Int/simulation/metros_3_e4_987_e1_1115.lus,229.729,22,21619,36,0,0,Not Found,timeout,28 25 21 20 19 18 17 16 15 14 13 12 11 10 9 8 7 6 5 4 3 2,290.181
/home/ubuntu/Lustre-exp/kind2-benchmarks/FMCAD08/Int/simulation/metros_3_e4_987_e2_80.lus,10.74,3,1362,51,0,0,Not Found,unsafe,43 23 1,11.125
/home/ubuntu/Lustre-exp/kind2-benchmarks/FMCAD08/Int/simulation/metros_3_e4_987_e3_291.lus,12.879,3,1399,51,0,0,Not Found,unsafe,42 30 0,13.264
/home/ubuntu/Lustre-exp/kind2-benchmarks/FMCAD08/Int/simulation/metros_4.lus,66.825,6,12744,110,0,3,Not Found,timeout,54 50 33 31 29 27,290.166
/home/ubuntu/Lustre-exp/kind2-benchmarks/FMCAD08/Int/simulation/metros_4_e1_821_e5_911.lus,127.643,9,17718,139,0,25,Not Found,timeout,43 39 31 26 23 20 18 16 13,290.154
/home/ubuntu/Lustre-exp/kind2-benchmarks/FMCAD08/Int/simulation/metros_4_e1_917.lus,28.073,13,6794,38,0,1,Not Found,timeout,17 12 11 10 9 8 7 6 5 4 3 2 1,290.169
/home/ubuntu/Lustre-exp/kind2-benchmarks/FMCAD08/Int/simulation/metros_4_e2_968.lus,23.649,4,5529,93,0,7,Not Found,unsafe,100 78 52 26,24.022
/home/ubuntu/Lustre-exp/kind2-benchmarks/FMCAD08/Int/simulation/metros_4_e2_968_e1_956.lus,9.485,4,2754,64,0,5,Not Found,unsafe,65 47 31 16,9.872
/home/ubuntu/Lustre-exp/kind2-benchmarks/FMCAD08/Int/simulation/metros_4_e2_968_e2_1166.lus,0.165,3,133,6,0,0,Not Found,safe,4 2,0.505
/home/ubuntu/Lustre-exp/kind2-benchmarks/FMCAD08/Int/simulation/metros_4_e2_968_e4_801.lus,223.565,9,17124,31,0,0,Not Found,timeout,35 31 22 20 17 15 13 11 8,290.158
/home/ubuntu/Lustre-exp/kind2-benchmarks/FMCAD08/Int/simulation/metros_4_e2_968_e5_991.lus,6.665,3,1176,45,0,0,Not Found,unsafe,38 17 2,7.039
/home/ubuntu/Lustre-exp/kind2-benchmarks/FMCAD08/Int/simulation/metros_4_e2_968_e6_236.lus,1.108,2,276,17,1,0,Not Found,unsafe,14 0,1.467
/home/ubuntu/Lustre-exp/kind2-benchmarks/FMCAD08/Int/simulation/metros_4_e2_968_e7_860.lus,46.618,14,9347,73,0,2,Not Found,unsafe,40 16 13 12 11 10 9 8 7 6 5 4 3 1,47.001
/home/ubuntu/Lustre-exp/kind2-benchmarks/FMCAD08/Int/simulation/metros_4_e3_1025.lus,288.668,11,17136,64,0,0,Not Found,timeout,50 48 45 42 35 30 28 26 21 20 19,290.17
/home/ubuntu/Lustre-exp/kind2-benchmarks/FMCAD08/Int/simulation/metros_4_e3_1091_e1_1044.lus,16.669,7,3775,79,0,11,Not Found,unsafe,60 49 37 29 21 13 6,17.048
/home/ubuntu/Lustre-exp/kind2-benchmarks/FMCAD08/Int/simulation/metros_4_e3_1091_e4_232.lus,23.414,4,5529,93,0,7,Not Found,unsafe,100 78 52 26,23.8
/home/ubuntu/Lustre-exp/kind2-benchmarks/FMCAD08/Int/simulation/metros_4_e5_1150.lus,41.943,14,7743,41,0,1,Not Found,timeout,18 14 13 12 11 10 9 8 7 6 5 4 3 2,290.214
/home/ubuntu/Lustre-exp/kind2-benchmarks/FMCAD08/Int/simulation/metros_5.lus,264.93,9,15341,93,0,2,Not Found,timeout,59 53 37 34 32 29 24 21 19,290.213
/home/ubuntu/Lustre-exp/kind2-benchmarks/FMCAD08/Int/simulation/metros_5_e4_1208_e1_337.lus,264.791,10,12698,74,0,1,Not Found,timeout,56 51 31 24 19 17 15 13 11 9,290.267
/home/ubuntu/Lustre-exp/kind2-benchmarks/FMCAD08/Int32/large/microwave01.lus,1.171,3,106,3,0,0,Not Found,safe,1 0,1.645
/home/ubuntu/Lustre-exp/kind2-benchmarks/FMCAD08/Int32/large/microwave03.lus,Not Found,Not Found,Not Found,Not Found,Not Found,Not Found,Not Found,timeout,Not Found,290.12
/home/ubuntu/Lustre-exp/kind2-benchmarks/FMCAD08/Int32/large/microwave04.lus,Not Found,Not Found,Not Found,Not Found,Not Found,Not Found,Not Found,timeout,Not Found,290.12
/home/ubuntu/Lustre-exp/kind2-benchmarks/FMCAD08/Int32/large/microwave05.lus,Not Found,Not Found,Not Found,Not Found,Not Found,Not Found,Not Found,timeout,Not Found,290.117
/home/ubuntu/Lustre-exp/kind2-benchmarks/FMCAD08/Int32/large/microwave07.lus,0.355,1,28,2,0,0,Not Found,timeout,2,290.133
/home/ubuntu/Lustre-exp/kind2-benchmarks/FMCAD08/Int32/large/microwave08.lus,4.269,5,566,10,1,0,Not Found,timeout,5 4 3 2 1,290.146
/home/ubuntu/Lustre-exp/kind2-benchmarks/FMCAD08/Int32/large/microwave09.lus,9.598,5,579,10,1,0,Not Found,timeout,5 4 3 2 1,290.136
/home/ubuntu/Lustre-exp/kind2-benchmarks/FMCAD08/Int32/large/microwave10.lus,1.904,2,117,5,0,0,Not Found,timeout,5 2,290.139
/home/ubuntu/Lustre-exp/kind2-benchmarks/FMCAD08/Int32/large/microwave11.lus,4.026,3,246,7,0,0,Not Found,timeout,4 2 1,290.127
/home/ubuntu/Lustre-exp/kind2-benchmarks/FMCAD08/Int32/large/microwave13.lus,141.924,8,2068,28,0,0,Not Found,timeout,8 7 6 5 4 3 2 1,290.166
/home/ubuntu/Lustre-exp/kind2-benchmarks/FMCAD08/Int32/large/microwave17.lus,48.436,3,253,9,0,0,Not Found,safe,6 3,48.891
/home/ubuntu/Lustre-exp/kind2-benchmarks/FMCAD08/Int32/large/microwave19.lus,7.111,3,198,8,0,0,Not Found,safe,7 5,7.561
/home/ubuntu/Lustre-exp/kind2-benchmarks/FMCAD08/Int32/large/microwave22.lus,Not Found,Not Found,Not Found,Not Found,Not Found,Not Found,Not Found,timeout,Not Found,290.124
/home/ubuntu/Lustre-exp/kind2-benchmarks/FMCAD08/Int32/large/microwave24.lus,50.429,3,234,8,0,0,Not Found,safe,6 3,50.905
/home/ubuntu/Lustre-exp/kind2-benchmarks/FMCAD08/Int32/large/microwave26.lus,Not Found,Not Found,Not Found,Not Found,Not Found,Not Found,Not Found,timeout,Not Found,290.119
/home/ubuntu/Lustre-exp/kind2-benchmarks/FMCAD08/Int32/large/microwave27.lus,Not Found,Not Found,Not Found,Not Found,Not Found,Not Found,Not Found,timeout,Not Found,290.119
/home/ubuntu/Lustre-exp/kind2-benchmarks/FMCAD08/Int32/large/microwave29.lus,76.755,3,270,9,0,0,Not Found,safe,7 4,77.262
/home/ubuntu/Lustre-exp/kind2-benchmarks/FMCAD08/Int32/large/microwave30.lus,Not Found,Not Found,Not Found,Not Found,Not Found,Not Found,Not Found,timeout,Not Found,290.118
/home/ubuntu/Lustre-exp/kind2-benchmarks/FMCAD08/Int32/large/microwave31.lus,Not Found,Not Found,Not Found,Not Found,Not Found,Not Found,Not Found,timeout,Not Found,290.117
/home/ubuntu/Lustre-exp/kind2-benchmarks/FMCAD08/Int32/large/microwave32.lus,Not Found,Not Found,Not Found,Not Found,Not Found,Not Found,Not Found,timeout,Not Found,290.122
/home/ubuntu/Lustre-exp/kind2-benchmarks/FMCAD08/Int32/large/microwave33.lus,Not Found,Not Found,Not Found,Not Found,Not Found,Not Found,Not Found,timeout,Not Found,290.12
/home/ubuntu/Lustre-exp/kind2-benchmarks/FMCAD08/Int32/large/microwave34.lus,Not Found,Not Found,Not Found,Not Found,Not Found,Not Found,Not Found,timeout,Not Found,290.121
/home/ubuntu/Lustre-exp/kind2-benchmarks/FMCAD08/Int32/large/microwave35.lus,Not Found,Not Found,Not Found,Not Found,Not Found,Not Found,Not Found,timeout,Not Found,290.118
/home/ubuntu/Lustre-exp/kind2-benchmarks/FMCAD08/Int32/large/microwave36.lus,Not Found,Not Found,Not Found,Not Found,Not Found,Not Found,Not Found,timeout,Not Found,290.12
/home/ubuntu/Lustre-exp/kind2-benchmarks/FMCAD08/Int32/large/microwave37.lus,Not Found,Not Found,Not Found,Not Found,Not Found,Not Found,Not Found,timeout,Not Found,290.12
/home/ubuntu/Lustre-exp/kind2-benchmarks/FMCAD08/Int32/large/microwave38.lus,Not Found,Not Found,Not Found,Not Found,Not Found,Not Found,Not Found,timeout,Not Found,290.122
/home/ubuntu/Lustre-exp/kind2-benchmarks/FMCAD08/Int32/large/microwave39.lus,Not Found,Not Found,Not Found,Not Found,Not Found,Not Found,Not Found,timeout,Not Found,290.121
/home/ubuntu/Lustre-exp/kind2-benchmarks/FMCAD08/Int32/memory1/DRAGON_10.lus,6.309,2,347,12,3,0,Not Found,timeout,15 8,290.119
/home/ubuntu/Lustre-exp/kind2-benchmarks/FMCAD08/Int32/memory1/DRAGON_10_e1_3587_e3_2749.lus,47.847,2,683,18,4,0,Not Found,timeout,25 13,290.12
/home/ubuntu/Lustre-exp/kind2-benchmarks/FMCAD08/Int32/memory1/DRAGON_10_e2_2785_e3_1744.lus,8.839,2,416,13,3,0,Not Found,timeout,17 9,290.118
/home/ubuntu/Lustre-exp/kind2-benchmarks/FMCAD08/Int32/memory1/DRAGON_10_e2_402.lus,13.384,2,355,12,3,0,Not Found,timeout,15 8,290.121
/home/ubuntu/Lustre-exp/kind2-benchmarks/FMCAD08/Int32/memory1/DRAGON_10_e3_144_e5_2046.lus,10.88,2,356,12,3,0,Not Found,timeout,15 8,290.117
/home/ubuntu/Lustre-exp/kind2-benchmarks/FMCAD08/Int32/memory1/DRAGON_10_e3_3429.lus,14.327,2,351,12,3,0,Not Found,timeout,15 8,290.118
/home/ubuntu/Lustre-exp/kind2-benchmarks/FMCAD08/Int32/memory1/DRAGON_14.lus,72.271,2,406,13,3,0,Not Found,timeout,17 9,290.117
/home/ubuntu/Lustre-exp/kind2-benchmarks/FMCAD08/Int32/memory1/DRAGON_14_e2_3606.lus,113.074,2,415,14,3,0,Not Found,timeout,17 10,290.118
/home/ubuntu/Lustre-exp/kind2-benchmarks/FMCAD08/Int32/memory1/DRAGON_14_e3_5120.lus,158.517,2,490,15,3,0,Not Found,timeout,19 11,290.12
/home/ubuntu/Lustre-exp/kind2-benchmarks/FMCAD08/Int32/memory1/DRAGON_14_e7_3162.lus,3.343,1,98,7,0,0,Not Found,timeout,7,290.129
/home/ubuntu/Lustre-exp/kind2-benchmarks/FMCAD08/Int32/memory1/DRAGON_14_e7_3162_e1_3998.lus,22.903,2,228,11,1,0,Not Found,unsafe,8 3,23.381
/home/ubuntu/Lustre-exp/kind2-benchmarks/FMCAD08/Int32/memory1/DRAGON_14_e7_3162_e2_753.lus,33.468,2,249,10,1,0,Not Found,unsafe,9 4,33.912
/home/ubuntu/Lustre-exp/kind2-benchmarks/FMCAD08/Int32/memory1/DRAGON_14_e7_3162_e7_3528.lus,31.282,2,348,13,2,0,Not Found,unsafe,14 6,31.742
/home/ubuntu/Lustre-exp/kind2-benchmarks/FMCAD08/Int32/memory1/DRAGON_2.lus,Not Found,Not Found,Not Found,Not Found,Not Found,Not Found,Not Found,timeout,Not Found,290.117
/home/ubuntu/Lustre-exp/kind2-benchmarks/FMCAD08/Int32/memory1/DRAGON_2_e1_2316.lus,Not Found,Not Found,Not Found,Not Found,Not Found,Not Found,Not Found,timeout,Not Found,290.121
/home/ubuntu/Lustre-exp/kind2-benchmarks/FMCAD08/Int32/memory1/DRAGON_2_e2_3183_e1_2644.lus,Not Found,Not Found,Not Found,Not Found,Not Found,Not Found,Not Found,timeout,Not Found,290.119
/home/ubuntu/Lustre-exp/kind2-benchmarks/FMCAD08/Int32/memory1/DRAGON_2_e2_3183_e2_3580.lus,Not Found,Not Found,Not Found,Not Found,Not Found,Not Found,Not Found,timeout,Not Found,290.117
/home/ubuntu/Lustre-exp/kind2-benchmarks/FMCAD08/Int32/memory1/DRAGON_2_e2_3183_e3_5972.lus,Not Found,Not Found,Not Found,Not Found,Not Found,Not Found,Not Found,timeout,Not Found,290.117
/home/ubuntu/Lustre-exp/kind2-benchmarks/FMCAD08/Int32/memory1/DRAGON_2_e2_4481.lus,Not Found,Not Found,Not Found,Not Found,Not Found,Not Found,Not Found,timeout,Not Found,290.119
/home/ubuntu/Lustre-exp/kind2-benchmarks/FMCAD08/Int32/memory1/DRAGON_2_e7_25_e8_3171.lus,Not Found,Not Found,Not Found,Not Found,Not Found,Not Found,Not Found,timeout,Not Found,290.119
/home/ubuntu/Lustre-exp/kind2-benchmarks/FMCAD08/Int32/memory1/DRAGON_3.lus,Not Found,Not Found,Not Found,Not Found,Not Found,Not Found,Not Found,timeout,Not Found,290.12
/home/ubuntu/Lustre-exp/kind2-benchmarks/FMCAD08/Int32/memory1/DRAGON_3_e1_4783.lus,Not Found,Not Found,Not Found,Not Found,Not Found,Not Found,Not Found,timeout,Not Found,290.119
/home/ubuntu/Lustre-exp/kind2-benchmarks/FMCAD08/Int32/memory1/DRAGON_3_e1_4783_e1_3755.lus,Not Found,Not Found,Not Found,Not Found,Not Found,Not Found,Not Found,timeout,Not Found,290.117
/home/ubuntu/Lustre-exp/kind2-benchmarks/FMCAD08/Int32/memory1/DRAGON_3_e1_4783_e2_158.lus,Not Found,Not Found,Not Found,Not Found,Not Found,Not Found,Not Found,timeout,Not Found,290.119
/home/ubuntu/Lustre-exp/kind2-benchmarks/FMCAD08/Int32/memory1/DRAGON_3_e1_4783_e3_511.lus,Not Found,Not Found,Not Found,Not Found,Not Found,Not Found,Not Found,timeout,Not Found,290.119
/home/ubuntu/Lustre-exp/kind2-benchmarks/FMCAD08/Int32/memory1/DRAGON_3_e2_5343_e1_988.lus,Not Found,Not Found,Not Found,Not Found,Not Found,Not Found,Not Found,timeout,Not Found,290.12
/home/ubuntu/Lustre-exp/kind2-benchmarks/FMCAD08/Int32/memory1/DRAGON_3_e3_3846.lus,Not Found,Not Found,Not Found,Not Found,Not Found,Not Found,Not Found,timeout,Not Found,290.121
/home/ubuntu/Lustre-exp/kind2-benchmarks/FMCAD08/Int32/memory1/DRAGON_3_e3_5422_e1_2288.lus,Not Found,Not Found,Not Found,Not Found,Not Found,Not Found,Not Found,timeout,Not Found,290.121
/home/ubuntu/Lustre-exp/kind2-benchmarks/FMCAD08/Int32/memory1/DRAGON_3_e3_5422_e2_3135.lus,Not Found,Not Found,Not Found,Not Found,Not Found,Not Found,Not Found,timeout,Not Found,290.119
/home/ubuntu/Lustre-exp/kind2-benchmarks/FMCAD08/Int32/memory1/DRAGON_5.lus,235.281,4,360,7,1,0,Not Found,safe,9 7 4,235.814
/home/ubuntu/Lustre-exp/kind2-benchmarks/FMCAD08/Int32/memory1/DRAGON_5_e1_1835.lus,167.332,2,148,5,0,0,Not Found,timeout,5 3,290.15
/home/ubuntu/Lustre-exp/kind2-benchmarks/FMCAD08/Int32/memory1/DRAGON_5_e2_3018_e2_936.lus,160.895,2,146,5,0,0,Not Found,timeout,6 4,290.12
/home/ubuntu/Lustre-exp/kind2-benchmarks/FMCAD08/Int32/memory1/DRAGON_6_e7_5046_e7_3623.lus,1.729,2,23,1,0,0,Not Found,safe,1,2.111
/home/ubuntu/Lustre-exp/kind2-benchmarks/FMCAD08/Int32/memory1/DRAGON_8_e3_786.lus,102.644,2,1304,20,1,0,Not Found,timeout,37 19,290.123
/home/ubuntu/Lustre-exp/kind2-benchmarks/FMCAD08/Int32/memory1/DRAGON_8_e7_3752.lus,190.155,3,713,12,2,1,Not Found,timeout,15 13 6,290.118
/home/ubuntu/Lustre-exp/kind2-benchmarks/FMCAD08/Int32/memory1/DRAGON_9_e7_1843_e7_2225.lus,0.191,1,23,2,0,0,Not Found,timeout,2,290.154
/home/ubuntu/Lustre-exp/kind2-benchmarks/FMCAD08/Int32/memory1/DRAGON_all.lus,Not Found,Not Found,Not Found,Not Found,Not Found,Not Found,Not Found,timeout,Not Found,290.119
/home/ubuntu/Lustre-exp/kind2-benchmarks/FMCAD08/Int32/memory1/DRAGON_all_e1_4022_e1_1759.lus,Not Found,Not Found,Not Found,Not Found,Not Found,Not Found,Not Found,timeout,Not Found,290.12
/home/ubuntu/Lustre-exp/kind2-benchmarks/FMCAD08/Int32/memory1/DRAGON_all_e1_4022_e2_267.lus,Not Found,Not Found,Not Found,Not Found,Not Found,Not Found,Not Found,timeout,Not Found,290.12
/home/ubuntu/Lustre-exp/kind2-benchmarks/FMCAD08/Int32/memory1/DRAGON_all_e1_4022_e3_3628.lus,Not Found,Not Found,Not Found,Not Found,Not Found,Not Found,Not Found,timeout,Not Found,290.12
/home/ubuntu/Lustre-exp/kind2-benchmarks/FMCAD08/Int32/memory1/DRAGON_all_e1_4037.lus,Not Found,Not Found,Not Found,Not Found,Not Found,Not Found,Not Found,timeout,Not Found,290.12
/home/ubuntu/Lustre-exp/kind2-benchmarks/FMCAD08/Int32/memory1/DRAGON_all_e2_6104.lus,Not Found,Not Found,Not Found,Not Found,Not Found,Not Found,Not Found,timeout,Not Found,290.122
/home/ubuntu/Lustre-exp/kind2-benchmarks/FMCAD08/Int32/memory1/DRAGON_all_e2_6104_e1_6205.lus,Not Found,Not Found,Not Found,Not Found,Not Found,Not Found,Not Found,timeout,Not Found,290.119
/home/ubuntu/Lustre-exp/kind2-benchmarks/FMCAD08/Int32/memory1/DRAGON_all_e2_6104_e2_3308.lus,Not Found,Not Found,Not Found,Not Found,Not Found,Not Found,Not Found,timeout,Not Found,290.12
/home/ubuntu/Lustre-exp/kind2-benchmarks/FMCAD08/Int32/memory1/DRAGON_all_e2_6104_e3_2607.lus,Not Found,Not Found,Not Found,Not Found,Not Found,Not Found,Not Found,timeout,Not Found,290.12
/home/ubuntu/Lustre-exp/kind2-benchmarks/FMCAD08/Int32/memory1/DRAGON_all_e3_4821_e1_1318.lus,Not Found,Not Found,Not Found,Not Found,Not Found,Not Found,Not Found,timeout,Not Found,290.117
/home/ubuntu/Lustre-exp/kind2-benchmarks/FMCAD08/Int32/memory1/DRAGON_all_e3_4821_e2_1089.lus,Not Found,Not Found,Not Found,Not Found,Not Found,Not Found,Not Found,timeout,Not Found,290.119
/home/ubuntu/Lustre-exp/kind2-benchmarks/FMCAD08/Int32/memory1/DRAGON_all_e3_4821_e4_1791.lus,Not Found,Not Found,Not Found,Not Found,Not Found,Not Found,Not Found,timeout,Not Found,290.117
/home/ubuntu/Lustre-exp/kind2-benchmarks/FMCAD08/Int32/memory1/DRAGON_all_e3_4821_e5_1536.lus,Not Found,Not Found,Not Found,Not Found,Not Found,Not Found,Not Found,timeout,Not Found,290.119
/home/ubuntu/Lustre-exp/kind2-benchmarks/FMCAD08/Int32/memory1/DRAGON_all_e3_5957.lus,Not Found,Not Found,Not Found,Not Found,Not Found,Not Found,Not Found,timeout,Not Found,290.119
/home/ubuntu/Lustre-exp/kind2-benchmarks/FMCAD08/Int32/memory1/FIREFLY_1.lus,Not Found,Not Found,Not Found,Not Found,Not Found,Not Found,Not Found,timeout,Not Found,290.117
/home/ubuntu/Lustre-exp/kind2-benchmarks/FMCAD08/Int32/memory1/FIREFLY_1_e1_1092_e2_1853.lus,Not Found,Not Found,Not Found,Not Found,Not Found,Not Found,Not Found,timeout,Not Found,290.119
/home/ubuntu/Lustre-exp/kind2-benchmarks/FMCAD08/Int32/memory1/FIREFLY_11.lus,0.091,1,25,2,0,0,Not Found,timeout,2,290.148
/home/ubuntu/Lustre-exp/kind2-benchmarks/FMCAD08/Int32/memory1/FIREFLY_11_e1_3457.lus,0.15,1,39,3,0,0,Not Found,timeout,3,290.171
/home/ubuntu/Lustre-exp/kind2-benchmarks/FMCAD08/Int32/memory1/FIREFLY_11_e3_2076_e1_1270.lus,0.109,1,25,2,0,0,Not Found,timeout,2,290.166
/home/ubuntu/Lustre-exp/kind2-benchmarks/FMCAD08/Int32/memory1/FIREFLY_2.lus,Not Found,Not Found,Not Found,Not Found,Not Found,Not Found,Not Found,timeout,Not Found,290.119
/home/ubuntu/Lustre-exp/kind2-benchmarks/FMCAD08/Int32/memory1/FIREFLY_4.lus,Not Found,Not Found,Not Found,Not Found,Not Found,Not Found,Not Found,timeout,Not Found,290.12
/home/ubuntu/Lustre-exp/kind2-benchmarks/FMCAD08/Int32/memory1/FIREFLY_4_e3_3511.lus,Not Found,Not Found,Not Found,Not Found,Not Found,Not Found,Not Found,timeout,Not Found,290.118
/home/ubuntu/Lustre-exp/kind2-benchmarks/FMCAD08/Int32/memory1/FIREFLY_4_e3_3511_e1_2375.lus,Not Found,Not Found,Not Found,Not Found,Not Found,Not Found,Not Found,timeout,Not Found,290.121
/home/ubuntu/Lustre-exp/kind2-benchmarks/FMCAD08/Int32/memory1/FIREFLY_4_e3_3511_e2_1923.lus,Not Found,Not Found,Not Found,Not Found,Not Found,Not Found,Not Found,timeout,Not Found,290.119
/home/ubuntu/Lustre-exp/kind2-benchmarks/FMCAD08/Int32/memory1/FIREFLY_4_e3_3511_e3_422.lus,Not Found,Not Found,Not Found,Not Found,Not Found,Not Found,Not Found,timeout,Not Found,290.119
/home/ubuntu/Lustre-exp/kind2-benchmarks/FMCAD08/Int32/memory1/FIREFLY_4_e3_3511_e4_1464.lus,Not Found,Not Found,Not Found,Not Found,Not Found,Not Found,Not Found,timeout,Not Found,290.118
/home/ubuntu/Lustre-exp/kind2-benchmarks/FMCAD08/Int32/memory1/FIREFLY_4_e3_3511_e5_3248.lus,Not Found,Not Found,Not Found,Not Found,Not Found,Not Found,Not Found,timeout,Not Found,290.121
/home/ubuntu/Lustre-exp/kind2-benchmarks/FMCAD08/Int32/memory1/FIREFLY_6.lus,8.373,5,807,12,2,3,Not Found,safe,17 15 10 5,8.763
/home/ubuntu/Lustre-exp/kind2-benchmarks/FMCAD08/Int32/memory1/FIREFLY_6_e2_3302.lus,201.755,5,1080,14,2,3,Not Found,safe,20 18 12 6,202.187
/home/ubuntu/Lustre-exp/kind2-benchmarks/FMCAD08/Int32/memory1/FIREFLY_9.lus,0.528,2,31,1,0,0,Not Found,safe,1,0.895
/home/ubuntu/Lustre-exp/kind2-benchmarks/FMCAD08/Int32/memory1/FIREFLY_9_e7_170_e3_3647.lus,0.505,2,26,1,0,0,Not Found,safe,1,0.861
/home/ubuntu/Lustre-exp/kind2-benchmarks/FMCAD08/Int32/memory1/FIREFLY_a3.lus,Not Found,Not Found,Not Found,Not Found,Not Found,Not Found,Not Found,timeout,Not Found,290.119
/home/ubuntu/Lustre-exp/kind2-benchmarks/FMCAD08/Int32/memory1/FIREFLY_a3_e1_3233_e2_2392.lus,Not Found,Not Found,Not Found,Not Found,Not Found,Not Found,Not Found,timeout,Not Found,290.119
/home/ubuntu/Lustre-exp/kind2-benchmarks/FMCAD08/Int32/memory1/FIREFLY_a3_e1_3233_e3_2970.lus,Not Found,Not Found,Not Found,Not Found,Not Found,Not Found,Not Found,timeout,Not Found,290.119
/home/ubuntu/Lustre-exp/kind2-benchmarks/FMCAD08/Int32/memory1/FIREFLY_a3_e2_2086_e1_3235.lus,Not Found,Not Found,Not Found,Not Found,Not Found,Not Found,Not Found,timeout,Not Found,290.12
/home/ubuntu/Lustre-exp/kind2-benchmarks/FMCAD08/Int32/memory1/FIREFLY_a3_e2_2086_e2_2689.lus,Not Found,Not Found,Not Found,Not Found,Not Found,Not Found,Not Found,timeout,Not Found,290.12
/home/ubuntu/Lustre-exp/kind2-benchmarks/FMCAD08/Int32/memory1/FIREFLY_a3_e2_2086_e3_2542.lus,Not Found,Not Found,Not Found,Not Found,Not Found,Not Found,Not Found,timeout,Not Found,290.119
/home/ubuntu/Lustre-exp/kind2-benchmarks/FMCAD08/Int32/memory1/FIREFLY_a3_e2_2952.lus,Not Found,Not Found,Not Found,Not Found,Not Found,Not Found,Not Found,timeout,Not Found,290.118
/home/ubuntu/Lustre-exp/kind2-benchmarks/FMCAD08/Int32/memory1/FIREFLY_a3_e3_314_e1_1979.lus,Not Found,Not Found,Not Found,Not Found,Not Found,Not Found,Not Found,timeout,Not Found,290.12
/home/ubuntu/Lustre-exp/kind2-benchmarks/FMCAD08/Int32/memory1/FIREFLY_a3_e3_314_e2_2812.lus,Not Found,Not Found,Not Found,Not Found,Not Found,Not Found,Not Found,timeout,Not Found,290.12
/home/ubuntu/Lustre-exp/kind2-benchmarks/FMCAD08/Int32/memory1/FIREFLY_a3_e3_314_e4_897.lus,Not Found,Not Found,Not Found,Not Found,Not Found,Not Found,Not Found,timeout,Not Found,290.119
/home/ubuntu/Lustre-exp/kind2-benchmarks/FMCAD08/Int32/memory1/FIREFLY_all.lus,Not Found,Not Found,Not Found,Not Found,Not Found,Not Found,Not Found,timeout,Not Found,290.118
/home/ubuntu/Lustre-exp/kind2-benchmarks/FMCAD08/Int32/memory1/FIREFLY_all_e1_1207_e2_3220.lus,Not Found,Not Found,Not Found,Not Found,Not Found,Not Found,Not Found,timeout,Not Found,290.119
/home/ubuntu/Lustre-exp/kind2-benchmarks/FMCAD08/Int32/memory1/FIREFLY_all_e1_3406.lus,Not Found,Not Found,Not Found,Not Found,Not Found,Not Found,Not Found,timeout,Not Found,290.119
/home/ubuntu/Lustre-exp/kind2-benchmarks/FMCAD08/Int32/memory1/FIREFLY_all_e2_2924_e1_768.lus,Not Found,Not Found,Not Found,Not Found,Not Found,Not Found,Not Found,timeout,Not Found,290.121
/home/ubuntu/Lustre-exp/kind2-benchmarks/FMCAD08/Int32/memory1/FIREFLY_all_e2_2924_e2_1767.lus,Not Found,Not Found,Not Found,Not Found,Not Found,Not Found,Not Found,timeout,Not Found,290.118
/home/ubuntu/Lustre-exp/kind2-benchmarks/FMCAD08/Int32/memory1/FIREFLY_all_e2_2924_e3_3946.lus,Not Found,Not Found,Not Found,Not Found,Not Found,Not Found,Not Found,timeout,Not Found,290.117
/home/ubuntu/Lustre-exp/kind2-benchmarks/FMCAD08/Int32/memory1/FIREFLY_all_e3_1600_e2_676.lus,Not Found,Not Found,Not Found,Not Found,Not Found,Not Found,Not Found,timeout,Not Found,290.117
/home/ubuntu/Lustre-exp/kind2-benchmarks/FMCAD08/Int32/memory1/FIREFLY_all_e3_1600_e4_2415.lus,Not Found,Not Found,Not Found,Not Found,Not Found,Not Found,Not Found,timeout,Not Found,290.12
/home/ubuntu/Lustre-exp/kind2-benchmarks/FMCAD08/Int32/memory1/FIREFLY_all_e3_1600_e5_84.lus,Not Found,Not Found,Not Found,Not Found,Not Found,Not Found,Not Found,timeout,Not Found,290.119
/home/ubuntu/Lustre-exp/kind2-benchmarks/FMCAD08/Int32/memory1/FIREFLY_luke_1a.lus,0.146,1,39,3,0,0,Not Found,timeout,3,290.15
/home/ubuntu/Lustre-exp/kind2-benchmarks/FMCAD08/Int32/memory1/FIREFLY_luke_1a_e2_284_e1_2924.lus,0.107,1,25,2,0,0,Not Found,timeout,2,290.149
/home/ubuntu/Lustre-exp/kind2-benchmarks/FMCAD08/Int32/memory1/FIREFLY_luke_1a_e2_284_e2_2755.lus,0.14,1,39,3,0,0,Not Found,timeout,3,290.145
/home/ubuntu/Lustre-exp/kind2-benchmarks/FMCAD08/Int32/memory1/FIREFLY_luke_1a_e2_284_e3_3091.lus,0.089,1,25,2,0,0,Not Found,timeout,2,290.148
/home/ubuntu/Lustre-exp/kind2-benchmarks/FMCAD08/Int32/memory1/FIREFLY_luke_1b.lus,Not Found,Not Found,Not Found,Not Found,Not Found,Not Found,Not Found,timeout,Not Found,290.117
/home/ubuntu/Lustre-exp/kind2-benchmarks/FMCAD08/Int32/memory1/FIREFLY_luke_1b_e1_1139_e2_2893.lus,Not Found,Not Found,Not Found,Not Found,Not Found,Not Found,Not Found,timeout,Not Found,290.121
/home/ubuntu/Lustre-exp/kind2-benchmarks/FMCAD08/Int32/memory1/FIREFLY_luke_1b_e2_3049_e1_946.lus,Not Found,Not Found,Not Found,Not Found,Not Found,Not Found,Not Found,timeout,Not Found,290.119
/home/ubuntu/Lustre-exp/kind2-benchmarks/FMCAD08/Int32/memory1/FIREFLY_luke_1b_e3_671_e2_2131.lus,Not Found,Not Found,Not Found,Not Found,Not Found,Not Found,Not Found,timeout,Not Found,290.117
/home/ubuntu/Lustre-exp/kind2-benchmarks/FMCAD08/Int32/memory1/FIREFLY_luke_1b_e3_671_e6_1974.lus,Not Found,Not Found,Not Found,Not Found,Not Found,Not Found,Not Found,timeout,Not Found,290.119
/home/ubuntu/Lustre-exp/kind2-benchmarks/FMCAD08/Int32/memory1/FIREFLY_luke_2.lus,12.519,5,803,12,2,3,Not Found,safe,17 15 10 5,12.896
/home/ubuntu/Lustre-exp/kind2-benchmarks/FMCAD08/Int32/memory1/FIREFLY_luke_2_e2_1375_e1_418.lus,66.414,5,1251,17,3,6,Not Found,timeout,23 21 17 12 6,117.256
/home/ubuntu/Lustre-exp/kind2-benchmarks/FMCAD08/Int32/memory1/FIREFLY_luke_2_e7_1826_e8_126.lus,13.157,5,803,12,2,3,Not Found,safe,17 15 10 5,13.526
/home/ubuntu/Lustre-exp/kind2-benchmarks/FMCAD08/Int32/memory1/FIREFLY_luke_3.lus,67.979,3,743,15,1,1,Not Found,timeout,22 18 9,290.119
/home/ubuntu/Lustre-exp/kind2-benchmarks/FMCAD08/Int32/memory1/FIREFLY_luke_3_e1_2217_e3_1200.lus,241.797,3,738,13,1,1,Not Found,timeout,21 16 7,290.154
/home/ubuntu/Lustre-exp/kind2-benchmarks/FMCAD08/Int32/memory1/FIREFLY_luke_4.lus,0.153,1,39,3,0,0,Not Found,timeout,3,290.164
/home/ubuntu/Lustre-exp/kind2-benchmarks/FMCAD08/Int32/memory1/FIREFLY_luke_4_e2_325.lus,0.098,1,25,2,0,0,Not Found,timeout,2,290.146
/home/ubuntu/Lustre-exp/kind2-benchmarks/FMCAD08/Int32/memory1/FIREFLY_luke_5.lus,Not Found,Not Found,Not Found,Not Found,Not Found,Not Found,Not Found,timeout,Not Found,290.118
/home/ubuntu/Lustre-exp/kind2-benchmarks/FMCAD08/Int32/memory1/FIREFLY_luke_rt.lus,Not Found,Not Found,Not Found,Not Found,Not Found,Not Found,Not Found,timeout,Not Found,290.118
/home/ubuntu/Lustre-exp/kind2-benchmarks/FMCAD08/Int32/memory1/FIREFLY_luke_rt_e1_913_e2_3353.lus,Not Found,Not Found,Not Found,Not Found,Not Found,Not Found,Not Found,timeout,Not Found,290.12
/home/ubuntu/Lustre-exp/kind2-benchmarks/FMCAD08/Int32/memory1/FIREFLY_luke_rt_e2_3460_e1_1455.lus,Not Found,Not Found,Not Found,Not Found,Not Found,Not Found,Not Found,timeout,Not Found,290.118
/home/ubuntu/Lustre-exp/kind2-benchmarks/FMCAD08/Int32/memory1/FIREFLY_rt.lus,1.092,2,256,10,2,0,Not Found,timeout,12 7,290.183
/home/ubuntu/Lustre-exp/kind2-benchmarks/FMCAD08/Int32/memory1/FIREFLY_rt_e3_1770_e2_637.lus,1.228,2,301,11,2,0,Not Found,timeout,14 8,290.148
/home/ubuntu/Lustre-exp/kind2-benchmarks/FMCAD08/Int32/memory1/FIREFLY_u1.lus,16.439,5,1008,14,2,3,Not Found,safe,20 18 12 7,16.822
/home/ubuntu/Lustre-exp/kind2-benchmarks/FMCAD08/Int32/memory1/FIREFLY_u1_e2_3403_e2_957.lus,0.154,1,40,2,0,0,Not Found,timeout,2,290.118
/home/ubuntu/Lustre-exp/kind2-benchmarks/FMCAD08/Int32/memory2/ILLINOIS_2.lus,Not Found,Not Found,Not Found,Not Found,Not Found,Not Found,Not Found,timeout,Not Found,290.119
/home/ubuntu/Lustre-exp/kind2-benchmarks/FMCAD08/Int32/memory2/ILLINOIS_2_e1_834_e2_3395.lus,Not Found,Not Found,Not Found,Not Found,Not Found,Not Found,Not Found,timeout,Not Found,290.116
/home/ubuntu/Lustre-exp/kind2-benchmarks/FMCAD08/Int32/memory2/ILLINOIS_2_e2_2367_e1_3182.lus,Not Found,Not Found,Not Found,Not Found,Not Found,Not Found,Not Found,timeout,Not Found,290.118
/home/ubuntu/Lustre-exp/kind2-benchmarks/FMCAD08/Int32/memory2/ILLINOIS_3.lus,Not Found,Not Found,Not Found,Not Found,Not Found,Not Found,Not Found,timeout,Not Found,290.118
/home/ubuntu/Lustre-exp/kind2-benchmarks/FMCAD08/Int32/memory2/ILLINOIS_a1.lus,5.316,4,545,12,3,1,Not Found,safe,14 10 4,5.688
/home/ubuntu/Lustre-exp/kind2-benchmarks/FMCAD08/Int32/memory2/ILLINOIS_all.lus,Not Found,Not Found,Not Found,Not Found,Not Found,Not Found,Not Found,timeout,Not Found,290.118
/home/ubuntu/Lustre-exp/kind2-benchmarks/FMCAD08/Int32/memory2/ILLINOIS_r4a.lus,82.39,3,652,12,2,0,Not Found,timeout,18 14 5,290.17
/home/ubuntu/Lustre-exp/kind2-benchmarks/FMCAD08/Int32/memory2/MESI_1_e2_162_e7_1545.lus,1.373,4,267,5,1,0,Not Found,safe,5 4 2,1.727
/home/ubuntu/Lustre-exp/kind2-benchmarks/FMCAD08/Int32/memory2/MESI_3_e1_2517_e8_2163.lus,Not Found,Not Found,Not Found,Not Found,Not Found,Not Found,Not Found,timeout,Not Found,290.118
/home/ubuntu/Lustre-exp/kind2-benchmarks/FMCAD08/Int32/memory2/MESI_3_e2_819_e1_1145.lus,Not Found,Not Found,Not Found,Not Found,Not Found,Not Found,Not Found,timeout,Not Found,290.119
/home/ubuntu/Lustre-exp/kind2-benchmarks/FMCAD08/Int32/memory2/MESI_3_e2_819_e4_1595.lus,Not Found,Not Found,Not Found,Not Found,Not Found,Not Found,Not Found,timeout,Not Found,290.116
/home/ubuntu/Lustre-exp/kind2-benchmarks/FMCAD08/Int32/memory2/MESI_4_e7_1140_e7_433.lus,9.03,6,632,7,2,0,Not Found,safe,5 4 3 2 1,9.379
/home/ubuntu/Lustre-exp/kind2-benchmarks/FMCAD08/Int32/memory2/MESI_all.lus,0.35,4,204,4,0,0,Not Found,safe,3 2 0,0.709
/home/ubuntu/Lustre-exp/kind2-benchmarks/FMCAD08/Int32/memory2/MESI_all_e4_1147_e7_497.lus,163.289,2,2946,38,1,0,Not Found,timeout,69 35,290.132
/home/ubuntu/Lustre-exp/kind2-benchmarks/FMCAD08/Int32/memory2/MESI_i3_e1_447.lus,3.495,2,56,4,1,0,Not Found,unsafe,2 1,3.872
/home/ubuntu/Lustre-exp/kind2-benchmarks/FMCAD08/Int32/memory2/MESI_i3_e1_447_e3_1180.lus,11.059,2,40,2,0,0,Not Found,safe,2,11.404
/home/ubuntu/Lustre-exp/kind2-benchmarks/FMCAD08/Int32/memory2/MESI_i3_e1_447_e7_2194.lus,1.722,2,52,4,1,0,Not Found,unsafe,2 1,2.091
/home/ubuntu/Lustre-exp/kind2-benchmarks/FMCAD08/Int32/memory2/MOESI_2.lus,Not Found,Not Found,Not Found,Not Found,Not Found,Not Found,Not Found,timeout,Not Found,290.115
/home/ubuntu/Lustre-exp/kind2-benchmarks/FMCAD08/Int32/memory2/MOESI_2_e1_1753.lus,Not Found,Not Found,Not Found,Not Found,Not Found,Not Found,Not Found,timeout,Not Found,290.118
/home/ubuntu/Lustre-exp/kind2-benchmarks/FMCAD08/Int32/memory2/MOESI_2_e1_1753_e3_2021.lus,Not Found,Not Found,Not Found,Not Found,Not Found,Not Found,Not Found,timeout,Not Found,290.118
/home/ubuntu/Lustre-exp/kind2-benchmarks/FMCAD08/Int32/memory2/MOESI_2_e2_155.lus,Not Found,Not Found,Not Found,Not Found,Not Found,Not Found,Not Found,timeout,Not Found,290.118
/home/ubuntu/Lustre-exp/kind2-benchmarks/FMCAD08/Int32/memory2/MOESI_2_e2_1599_e8_1334.lus,Not Found,Not Found,Not Found,Not Found,Not Found,Not Found,Not Found,timeout,Not Found,290.117
/home/ubuntu/Lustre-exp/kind2-benchmarks/FMCAD08/Int32/memory2/MOESI_2_e3_929.lus,Not Found,Not Found,Not Found,Not Found,Not Found,Not Found,Not Found,timeout,Not Found,290.116
/home/ubuntu/Lustre-exp/kind2-benchmarks/FMCAD08/Int32/memory2/MOESI_2_e3_929_e4_578.lus,Not Found,Not Found,Not Found,Not Found,Not Found,Not Found,Not Found,timeout,Not Found,290.117
/home/ubuntu/Lustre-exp/kind2-benchmarks/FMCAD08/Int32/memory2/MOESI_2_e3_929_e5_1826.lus,Not Found,Not Found,Not Found,Not Found,Not Found,Not Found,Not Found,timeout,Not Found,290.118
/home/ubuntu/Lustre-exp/kind2-benchmarks/FMCAD08/Int32/memory2/MOESI_2_e3_929_e6_2707.lus,Not Found,Not Found,Not Found,Not Found,Not Found,Not Found,Not Found,timeout,Not Found,290.117
/home/ubuntu/Lustre-exp/kind2-benchmarks/FMCAD08/Int32/memory2/MOESI_2_e3_929_e8_1167.lus,Not Found,Not Found,Not Found,Not Found,Not Found,Not Found,Not Found,timeout,Not Found,290.117
/home/ubuntu/Lustre-exp/kind2-benchmarks/FMCAD08/Int32/memory2/MOESI_2_e8_101.lus,Not Found,Not Found,Not Found,Not Found,Not Found,Not Found,Not Found,timeout,Not Found,290.119
/home/ubuntu/Lustre-exp/kind2-benchmarks/FMCAD08/Int32/memory2/MOESI_2_e8_926_e1_1065.lus,Not Found,Not Found,Not Found,Not Found,Not Found,Not Found,Not Found,timeout,Not Found,290.118
/home/ubuntu/Lustre-exp/kind2-benchmarks/FMCAD08/Int32/memory2/MOESI_2_e8_926_e8_2138.lus,Not Found,Not Found,Not Found,Not Found,Not Found,Not Found,Not Found,timeout,Not Found,290.118
/home/ubuntu/Lustre-exp/kind2-benchmarks/FMCAD08/Int32/memory2/MOESI_all.lus,Not Found,Not Found,Not Found,Not Found,Not Found,Not Found,Not Found,timeout,Not Found,290.117
/home/ubuntu/Lustre-exp/kind2-benchmarks/FMCAD08/Int32/memory2/SYNAPSE_123.lus,124.27,2,58,3,0,0,Not Found,safe,3,124.626
/home/ubuntu/Lustre-exp/kind2-benchmarks/FMCAD08/Int32/memory2/SYNAPSE_123_e7_837_e7_1262.lus,187.6,2,56,3,0,0,Not Found,safe,3,187.959
/home/ubuntu/Lustre-exp/kind2-benchmarks/FMCAD08/Int32/memory2/SYNAPSE_123_e7_856.lus,214.975,2,52,3,0,0,Not Found,safe,3,215.336
/home/ubuntu/Lustre-exp/kind2-benchmarks/FMCAD08/Int32/memory2/SYNAPSE_123_e8_953.lus,202.152,2,60,3,0,0,Not Found,safe,3,202.512
/home/ubuntu/Lustre-exp/kind2-benchmarks/FMCAD08/Int32/memory2/SYNAPSE_123_e8_953_e7_1465.lus,222.669,2,60,3,0,0,Not Found,safe,3,223.022
/home/ubuntu/Lustre-exp/kind2-benchmarks/FMCAD08/Int32/memory2/SYNAPSE_123_e8_953_e8_941.lus,209.909,2,60,3,0,0,Not Found,safe,3,210.263
/home/ubuntu/Lustre-exp/kind2-benchmarks/FMCAD08/Int32/memory2/SYNAPSE_2.lus,15.852,2,29,1,0,0,Not Found,safe,1,16.209
/home/ubuntu/Lustre-exp/kind2-benchmarks/FMCAD08/Int32/memory2/SYNAPSE_2_e8_1118_e7_1043.lus,30.884,2,29,1,0,0,Not Found,safe,1,31.239
/home/ubuntu/Lustre-exp/kind2-benchmarks/FMCAD08/Int32/memory2/SYNAPSE_2_e8_1118_e8_1177.lus,20.365,2,29,1,0,0,Not Found,safe,1,20.718
/home/ubuntu/Lustre-exp/kind2-benchmarks/FMCAD08/Int32/memory2/SYNAPSE_2_e8_656.lus,56.994,2,29,1,0,0,Not Found,safe,1,57.352
/home/ubuntu/Lustre-exp/kind2-benchmarks/FMCAD08/Int32/memory2/SYNAPSE_3.lus,132.336,2,29,1,0,0,Not Found,safe,1,132.688
/home/ubuntu/Lustre-exp/kind2-benchmarks/FMCAD08/Int32/memory2/SYNAPSE_3_e7_1444_e7_638.lus,67.768,2,29,1,0,0,Not Found,safe,1,68.115
/home/ubuntu/Lustre-exp/kind2-benchmarks/FMCAD08/Int32/memory2/SYNAPSE_3_e7_425.lus,61.66,2,29,1,0,0,Not Found,safe,1,61.995
/home/ubuntu/Lustre-exp/kind2-benchmarks/FMCAD08/Int32/memory2/SYNAPSE_3_e8_1329_e7_1062.lus,19.483,2,25,1,0,0,Not Found,safe,1,19.842
/home/ubuntu/Lustre-exp/kind2-benchmarks/FMCAD08/Int32/memory2/SYNAPSE_3_e8_1329_e8_320.lus,44.564,2,29,1,0,0,Not Found,safe,1,44.914
/home/ubuntu/Lustre-exp/kind2-benchmarks/FMCAD08/Int32/memory2/SYNAPSE_3_e8_1708.lus,36.148,2,29,1,0,0,Not Found,safe,1,36.494
/home/ubuntu/Lustre-exp/kind2-benchmarks/FMCAD08/Int32/memory2/SYNAPSE_all.lus,182.614,2,77,4,0,0,Not Found,safe,4,182.958
/home/ubuntu/Lustre-exp/kind2-benchmarks/FMCAD08/Int32/memory2/SYNAPSE_all_e7_907.lus,123.318,2,73,4,0,0,Not Found,safe,4,123.677
/home/ubuntu/Lustre-exp/kind2-benchmarks/FMCAD08/Int32/memory2/SYNAPSE_all_e7_907_e7_1363.lus,Not Found,Not Found,Not Found,Not Found,Not Found,Not Found,Not Found,timeout,Not Found,290.117
/home/ubuntu/Lustre-exp/kind2-benchmarks/FMCAD08/Int32/memory2/SYNAPSE_all_e8_251.lus,250.506,2,77,4,0,0,Not Found,safe,4,250.862
/home/ubuntu/Lustre-exp/kind2-benchmarks/FMCAD08/Int32/misc/_6counters.lus,9.182,9,5581,45,3,8,Not Found,unsafe,38 35 31 27 25 23 18 15 12,9.545
/home/ubuntu/Lustre-exp/kind2-benchmarks/FMCAD08/Int32/misc/_6counters_e8_371_e1_448.lus,0.525,4,667,12,2,1,Not Found,timeout,12 10 8 5,290.26
/home/ubuntu/Lustre-exp/kind2-benchmarks/FMCAD08/Int32/misc/traffic.lus,Not Found,Not Found,Not Found,Not Found,Not Found,Not Found,Not Found,timeout,Not Found,290.116
/home/ubuntu/Lustre-exp/kind2-benchmarks/FMCAD08/Int32/misc/twisted_counters.lus,7.793,9,4945,39,3,10,Not Found,safe,41 38 34 30 28 24 18 12,8.152
/home/ubuntu/Lustre-exp/kind2-benchmarks/FMCAD08/Int32/misc/two_counters.lus,1.384,6,1493,20,4,5,Not Found,safe,25 23 18 15 9,1.728
/home/ubuntu/Lustre-exp/kind2-benchmarks/FMCAD08/Int32/protocol/peterson_all.lus,1.722,4,415,8,0,0,Not Found,safe,8 4 0,2.107
/home/ubuntu/Lustre-exp/kind2-benchmarks/FMCAD08/Int32/protocol/peterson_vt.lus,Not Found,Not Found,Not Found,Not Found,Not Found,Not Found,Not Found,timeout,Not Found,290.117
/home/ubuntu/Lustre-exp/kind2-benchmarks/FMCAD08/Int32/protocol/rtp_10_e7_106_e7_2564.lus,0.146,1,21,2,0,0,Not Found,timeout,2,290.161
/home/ubuntu/Lustre-exp/kind2-benchmarks/FMCAD08/Int32/protocol/rtp_5_e7_3972.lus,4.41,4,468,8,1,0,Not Found,timeout,5 4 3 2,290.159
/home/ubuntu/Lustre-exp/kind2-benchmarks/FMCAD08/Int32/protocol/rtp_all.lus,6.831,4,927,19,0,0,Not Found,safe,16 8 0,7.238
/home/ubuntu/Lustre-exp/kind2-benchmarks/FMCAD08/Int32/protocol/rtp_vt.lus,82.332,4,1590,23,3,2,Not Found,timeout,28 27 23 14,290.12
/home/ubuntu/Lustre-exp/kind2-benchmarks/FMCAD08/Int32/protocol/swimmingpool_1.lus,Not Found,Not Found,Not Found,Not Found,Not Found,Not Found,Not Found,timeout,Not Found,290.118
/home/ubuntu/Lustre-exp/kind2-benchmarks/FMCAD08/Int32/protocol/swimmingpool_1_e7_1621.lus,Not Found,Not Found,Not Found,Not Found,Not Found,Not Found,Not Found,timeout,Not Found,290.117
/home/ubuntu/Lustre-exp/kind2-benchmarks/FMCAD08/Int32/protocol/swimmingpool_5.lus,0.362,2,72,6,1,0,Not Found,unsafe,3 2,0.76
/home/ubuntu/Lustre-exp/kind2-benchmarks/FMCAD08/Int32/protocol/swimmingpool_6.lus,0.352,2,68,6,1,0,Not Found,unsafe,3 1,0.754
/home/ubuntu/Lustre-exp/kind2-benchmarks/FMCAD08/Int32/protocol/swimmingpool_6_e7_10_e7_341.lus,4.908,4,386,10,2,0,Not Found,unsafe,6 5 4 1,5.318
/home/ubuntu/Lustre-exp/kind2-benchmarks/FMCAD08/Int32/protocol/swimmingpool_6_e7_399.lus,142.906,3,1738,25,1,0,Not Found,timeout,27 26 24,290.122
/home/ubuntu/Lustre-exp/kind2-benchmarks/FMCAD08/Int32/protocol/swimmingpool_7.lus,1.022,3,169,7,1,0,Not Found,unsafe,4 2 0,1.467
/home/ubuntu/Lustre-exp/kind2-benchmarks/FMCAD08/Int32/protocol/swimmingpool_8.lus,0.818,3,122,8,0,0,Not Found,unsafe,4 1 0,1.263
/home/ubuntu/Lustre-exp/kind2-benchmarks/FMCAD08/Int32/protocol/swimmingpool_9.lus,14.917,5,800,11,2,0,Not Found,timeout,15 13 11 9 4,290.127
/home/ubuntu/Lustre-exp/kind2-benchmarks/FMCAD08/Int32/simulation/car_5.lus,76.118,8,1482,10,0,0,Not Found,timeout,9 8 7 6 5 4 3 2,290.662
/home/ubuntu/Lustre-exp/kind2-benchmarks/FMCAD08/Int32/simulation/car_5_e2_405_e2_1083.lus,0.375,2,129,10,0,0,Not Found,unsafe,8 1,0.739
/home/ubuntu/Lustre-exp/kind2-benchmarks/FMCAD08/Int32/simulation/car_5_e2_405_e3_473.lus,0.384,2,155,12,0,0,Not Found,unsafe,10 3,0.75
/home/ubuntu/Lustre-exp/kind2-benchmarks/FMCAD08/Int32/simulation/car_5_e2_405_e8_1055.lus,0.397,2,141,11,0,0,Not Found,unsafe,8 1,0.765
/home/ubuntu/Lustre-exp/kind2-benchmarks/FMCAD08/Int32/simulation/car_5_e3_11_e1_429.lus,1.04,2,174,12,0,0,Not Found,unsafe,10 2,1.406
/home/ubuntu/Lustre-exp/kind2-benchmarks/FMCAD08/Int32/simulation/car_5_e3_11_e5_24.lus,1.046,2,150,11,0,0,Not Found,unsafe,9 1,1.4
/home/ubuntu/Lustre-exp/kind2-benchmarks/FMCAD08/Int32/simulation/car_5_e3_661.lus,0.995,2,150,11,0,0,Not Found,unsafe,9 2,1.363
/home/ubuntu/Lustre-exp/kind2-benchmarks/FMCAD08/Int32/simulation/car_5_e7_244.lus,127.384,8,1693,11,0,0,Not Found,timeout,10 8 7 6 5 4 3 2,290.179
/home/ubuntu/Lustre-exp/kind2-benchmarks/FMCAD08/Int32/simulation/car_5_e7_244_e1_823.lus,104.778,8,1505,10,0,0,Not Found,timeout,9 8 7 6 5 4 3 2,290.163
/home/ubuntu/Lustre-exp/kind2-benchmarks/FMCAD08/Int32/simulation/car_5_e7_244_e2_693.lus,0.411,2,153,12,0,0,Not Found,unsafe,10 3,0.774
/home/ubuntu/Lustre-exp/kind2-benchmarks/FMCAD08/Int32/simulation/car_6.lus,100.243,9,1981,13,0,0,Not Found,timeout,10 9 8 7 6 5 4 3 2,290.178
/home/ubuntu/Lustre-exp/kind2-benchmarks/FMCAD08/Int32/simulation/car_6_e1_152.lus,82.083,8,1596,12,0,0,Not Found,timeout,10 9 8 7 6 5 4 3,290.176
/home/ubuntu/Lustre-exp/kind2-benchmarks/FMCAD08/Int32/simulation/car_6_e1_152_e1_391.lus,124.006,9,1981,13,0,0,Not Found,timeout,10 9 8 7 6 5 4 3 2,290.181
/home/ubuntu/Lustre-exp/kind2-benchmarks/FMCAD08/Int32/simulation/car_6_e2_589_e2_506.lus,0.373,2,190,14,0,0,Not Found,unsafe,12 3,0.74
/home/ubuntu/Lustre-exp/kind2-benchmarks/FMCAD08/Int32/simulation/car_6_e2_589_e3_349.lus,0.35,2,174,13,0,0,Not Found,unsafe,11 2,0.719
/home/ubuntu/Lustre-exp/kind2-benchmarks/FMCAD08/Int32/simulation/car_6_e2_893.lus,0.332,2,174,13,0,0,Not Found,unsafe,11 2,0.704
/home/ubuntu/Lustre-exp/kind2-benchmarks/FMCAD08/Int32/simulation/car_6_e3_294_e1_956.lus,0.925,2,190,14,0,0,Not Found,unsafe,12 3,1.289
/home/ubuntu/Lustre-exp/kind2-benchmarks/FMCAD08/Int32/simulation/car_6_e3_294_e3_47.lus,1,2,174,13,0,0,Not Found,unsafe,11 2,1.365
/home/ubuntu/Lustre-exp/kind2-benchmarks/FMCAD08/Int32/simulation/car_6_e3_294_e5_979.lus,0.892,2,174,13,0,0,Not Found,unsafe,11 2,1.255
/home/ubuntu/Lustre-exp/kind2-benchmarks/FMCAD08/Int32/simulation/car_all.lus,8.027,6,914,11,3,0,Not Found,safe,10 7 5 3 2,8.385
/home/ubuntu/Lustre-exp/kind2-benchmarks/FMCAD08/Int32/simulation/car_all_e2_142.lus,2.168,6,565,8,2,0,Not Found,safe,5 4 3 2 1,2.529
/home/ubuntu/Lustre-exp/kind2-benchmarks/FMCAD08/Int32/simulation/car_all_e2_142_e7_209.lus,0.522,3,184,7,0,0,Not Found,safe,6 5,0.861
/home/ubuntu/Lustre-exp/kind2-benchmarks/FMCAD08/Int32/simulation/car_all_e3_1068_e4_275.lus,2.249,6,565,8,2,0,Not Found,safe,5 4 3 2 1,2.607
/home/ubuntu/Lustre-exp/kind2-benchmarks/FMCAD08/Int32/simulation/car_all_e7_188_e7_743.lus,1.373,4,391,11,0,0,Not Found,safe,9 6 4,1.72
/home/ubuntu/Lustre-exp/kind2-benchmarks/FMCAD08/Int32/simulation/car_all_e8_856.lus,8.749,6,952,11,2,0,Not Found,safe,11 8 6 4 2,9.1
/home/ubuntu/Lustre-exp/kind2-benchmarks/FMCAD08/Int32/simulation/car_all_e8_856_e2_585.lus,2.327,6,557,7,1,0,Not Found,safe,5 4 3 2 1,2.684
/home/ubuntu/Lustre-exp/kind2-benchmarks/FMCAD08/Int32/simulation/car_all_e8_856_e7_578.lus,0.844,3,202,8,0,0,Not Found,safe,9 7,1.2
/home/ubuntu/Lustre-exp/kind2-benchmarks/FMCAD08/Int32/simulation/cd.lus,51.256,4,533,13,0,1,Not Found,timeout,5 4 3 2,290.179
/home/ubuntu/Lustre-exp/kind2-benchmarks/FMCAD08/Int32/simulation/cd_e7_621_e7_669.lus,Not Found,Not Found,Not Found,Not Found,Not Found,Not Found,Not Found,timeout,Not Found,290.119
/home/ubuntu/Lustre-exp/kind2-benchmarks/FMCAD08/Int32/simulation/cd_e7_8.lus,Not Found,Not Found,Not Found,Not Found,Not Found,Not Found,Not Found,timeout,Not Found,290.117
/home/ubuntu/Lustre-exp/kind2-benchmarks/FMCAD08/Int32/simulation/metros_1.lus,76.167,2,415,15,0,0,Not Found,timeout,17 12,290.122
/home/ubuntu/Lustre-exp/kind2-benchmarks/FMCAD08/Int32/simulation/metros_1_e1_846_e1_1317.lus,1.174,2,127,6,0,0,Not Found,timeout,7 4,290.119
/home/ubuntu/Lustre-exp/kind2-benchmarks/FMCAD08/Int32/simulation/metros_1_e1_846_e2_1394.lus,159.452,3,529,18,0,0,Not Found,safe,19 16,159.794
/home/ubuntu/Lustre-exp/kind2-benchmarks/FMCAD08/Int32/simulation/metros_1_e1_846_e3_1060.lus,109.45,4,604,17,0,0,Not Found,safe,8 6 5,109.802
/home/ubuntu/Lustre-exp/kind2-benchmarks/FMCAD08/Int32/simulation/metros_1_e1_846_e7_397.lus,13.988,2,244,10,0,0,Not Found,timeout,11 7,290.118
/home/ubuntu/Lustre-exp/kind2-benchmarks/FMCAD08/Int32/simulation/metros_1_e2_1102_e1_317.lus,230.861,4,904,19,0,0,Not Found,safe,6 1 0,231.23
/home/ubuntu/Lustre-exp/kind2-benchmarks/FMCAD08/Int32/simulation/metros_1_e2_1102_e2_943.lus,117.8,4,665,17,0,0,Not Found,safe,6 3 2,118.158
/home/ubuntu/Lustre-exp/kind2-benchmarks/FMCAD08/Int32/simulation/metros_1_e2_1102_e3_961.lus,192.864,4,881,18,0,0,Not Found,safe,7 1 0,193.239
/home/ubuntu/Lustre-exp/kind2-benchmarks/FMCAD08/Int32/simulation/metros_1_e2_1102_e7_1163.lus,14.467,2,294,13,0,0,Not Found,timeout,13 10,290.121
/home/ubuntu/Lustre-exp/kind2-benchmarks/FMCAD08/Int32/simulation/metros_1_e2_627.lus,8.407,2,254,11,0,0,Not Found,timeout,12 8,290.121
/home/ubuntu/Lustre-exp/kind2-benchmarks/FMCAD08/Int32/simulation/metros_1_e7_1255_e7_12.lus,120.555,2,720,23,0,0,Not Found,timeout,26 18,290.12
/home/ubuntu/Lustre-exp/kind2-benchmarks/FMCAD08/Int32/simulation/metros_1_e7_606.lus,126.44,2,440,15,0,0,Not Found,timeout,19 12,290.117
/home/ubuntu/Lustre-exp/kind2-benchmarks/FMCAD08/Int32/simulation/metros_2_e2_704_e3_76.lus,11.937,2,274,14,0,0,Not Found,unsafe,14 4,12.334
/home/ubuntu/Lustre-exp/kind2-benchmarks/FMCAD08/Int32/simulation/speed2_e7_223_e7_213.lus,0.292,2,137,6,0,0,Not Found,timeout,8 5,290.144
/home/ubuntu/Lustre-exp/kind2-benchmarks/FMCAD08/Int32/simulation/speed2_e7_496.lus,2.555,4,479,10,0,0,Not Found,timeout,10 7 6 5,290.13
/home/ubuntu/Lustre-exp/kind2-benchmarks/FMCAD08/Real_Int/large/ccp01.lus,14.275,4,229,4,0,0,Not Found,safe,3 2 1,14.832
/home/ubuntu/Lustre-exp/kind2-benchmarks/FMCAD08/Real_Int/large/ccp02.lus,6.892,3,93,2,0,0,Not Found,safe,1 0,7.436
/home/ubuntu/Lustre-exp/kind2-benchmarks/FMCAD08/Real_Int/large/ccp03.lus,9.169,4,185,3,0,0,Not Found,safe,2 1 0,9.722
/home/ubuntu/Lustre-exp/kind2-benchmarks/FMCAD08/Real_Int/large/ccp04.lus,1.629,2,41,2,0,0,Not Found,safe,2,2.131
/home/ubuntu/Lustre-exp/kind2-benchmarks/FMCAD08/Real_Int/large/ccp08.lus,4.24,3,168,6,0,0,Not Found,safe,6 5,5.059
/home/ubuntu/Lustre-exp/kind2-benchmarks/FMCAD08/Real_Int/large/ccp10.lus,12.362,2,126,9,0,0,Not Found,unsafe,0,13.184
/home/ubuntu/Lustre-exp/kind2-benchmarks/FMCAD08/Real_Int/large/ccp11.lus,50.949,2,679,23,0,0,Not Found,timeout,22 16,290.132
/home/ubuntu/Lustre-exp/kind2-benchmarks/FMCAD08/Real_Int/large/ccp12.lus,117.345,2,1666,44,1,0,Not Found,unsafe,0,118.244
/home/ubuntu/Lustre-exp/kind2-benchmarks/FMCAD08/Real_Int/large/ccp13.lus,49.966,2,578,20,2,0,Not Found,timeout,21 12,290.129
/home/ubuntu/Lustre-exp/kind2-benchmarks/FMCAD08/Real_Int/large/ccp14.lus,37.913,3,1033,18,1,0,Not Found,timeout,19 15 9,290.129
/home/ubuntu/Lustre-exp/kind2-benchmarks/FMCAD08/Real_Int/large/ccp17.lus,3.777,3,182,5,0,0,Not Found,safe,6 4,4.565
/home/ubuntu/Lustre-exp/kind2-benchmarks/FMCAD08/Real_Int/large/ccp18.lus,4.166,3,152,5,0,0,Not Found,safe,5 4,4.965
/home/ubuntu/Lustre-exp/kind2-benchmarks/FMCAD08/Real_Int/large/ccp20.lus,29.545,4,1089,21,0,0,Not Found,safe,9 4 0,30.446
/home/ubuntu/Lustre-exp/kind2-benchmarks/FMCAD08/Real_Int/large/ccp21.lus,59.777,2,837,32,0,0,Not Found,unsafe,0,60.752
/home/ubuntu/Lustre-exp/kind2-benchmarks/FMCAD08/Real_Int/large/ccp22.lus,101.166,3,1924,43,0,3,Not Found,timeout,28 23 13,290.125
/home/ubuntu/Lustre-exp/kind2-benchmarks/FMCAD08/Real_Int/large/ccp23.lus,92.263,3,1840,40,0,3,Not Found,timeout,38 31 16,290.126
/home/ubuntu/Lustre-exp/kind2-benchmarks/FMCAD08/Real_Int/large/ccp24.lus,104.808,3,1778,37,0,1,Not Found,timeout,38 33 20,290.136
/home/ubuntu/Lustre-exp/kind2-benchmarks/FMCAD08/Real_Int/large/cruise_controller_01.lus,7.635,4,296,6,0,0,Not Found,safe,5 3 2,8.064
/home/ubuntu/Lustre-exp/kind2-benchmarks/FMCAD08/Real_Int/large/cruise_controller_02.lus,3.605,4,187,3,0,0,Not Found,safe,2 1 0,4.044
/home/ubuntu/Lustre-exp/kind2-benchmarks/FMCAD08/Real_Int/large/cruise_controller_03.lus,3.548,4,187,3,0,0,Not Found,safe,2 1 0,3.966
/home/ubuntu/Lustre-exp/kind2-benchmarks/FMCAD08/Real_Int/large/cruise_controller_08.lus,235.865,7,16126,125,4,5,Not Found,timeout,56 52 46 41 35 33 31,290.144
/home/ubuntu/Lustre-exp/kind2-benchmarks/FMCAD08/Real_Int/large/cruise_controller_09.lus,10.141,2,231,14,0,0,Not Found,unsafe,0,10.732
/home/ubuntu/Lustre-exp/kind2-benchmarks/FMCAD08/Real_Int/large/cruise_controller_10.lus,18.228,5,2524,36,0,0,Not Found,safe,19 13 1 0,18.761
/home/ubuntu/Lustre-exp/kind2-benchmarks/FMCAD08/Real_Int/large/cruise_controller_12.lus,0.833,3,129,4,0,0,Not Found,safe,4 3,1.354
/home/ubuntu/Lustre-exp/kind2-benchmarks/FMCAD08/Real_Int/large/cruise_controller_14.lus,0.647,3,124,3,0,0,Not Found,safe,3 2,1.183
/home/ubuntu/Lustre-exp/kind2-benchmarks/FMCAD08/Real_Int/large/cruise_controller_15.lus,17.815,2,1166,33,1,0,Not Found,unsafe,0,18.422
/home/ubuntu/Lustre-exp/kind2-benchmarks/FMCAD08/Real_Int/large/cruise_controller_16.lus,209.93,2,12611,153,0,4,Not Found,unsafe,0,210.586
/home/ubuntu/Lustre-exp/kind2-benchmarks/FMCAD08/Real_Int/large/cruise_controller_17.lus,33.357,2,1318,39,1,0,Not Found,unsafe,0,33.934
/home/ubuntu/Lustre-exp/kind2-benchmarks/FMCAD08/Real_Int/large/cruise_controller_18.lus,11.462,5,633,14,0,0,Not Found,safe,6 4 1 0,11.961
/home/ubuntu/Lustre-exp/kind2-benchmarks/FMCAD08/Real_Int/large/cruise_controller_19.lus,10.595,5,542,13,0,0,Not Found,safe,4 2 1 0,11.149
/home/ubuntu/Lustre-exp/kind2-benchmarks/FMCAD08/Real_Int/large/cruise_controller_22.lus,28.734,2,1348,38,1,0,Not Found,unsafe,0,29.327
/home/ubuntu/Lustre-exp/kind2-benchmarks/FMCAD08/Real_Int/large/cruise_controller_23.lus,271.837,2,14930,181,1,8,Not Found,unsafe,0,272.484
/home/ubuntu/Lustre-exp/kind2-benchmarks/FMCAD08/Real_Int/large/cruise_controller_24.lus,0.603,3,89,3,0,0,Not Found,safe,2 1,1.137
/home/ubuntu/Lustre-exp/kind2-benchmarks/FMCAD08/Real_Int32/large/ccp01.lus,9.056,3,89,2,0,0,Not Found,safe,1 0,9.607
/home/ubuntu/Lustre-exp/kind2-benchmarks/FMCAD08/Real_Int32/large/ccp02.lus,7.516,3,95,2,0,0,Not Found,safe,1 0,8.041
/home/ubuntu/Lustre-exp/kind2-benchmarks/FMCAD08/Real_Int32/large/ccp03.lus,6.334,3,87,2,0,0,Not Found,safe,1 0,6.96
/home/ubuntu/Lustre-exp/kind2-benchmarks/FMCAD08/Real_Int32/large/ccp04.lus,1.837,2,41,2,0,0,Not Found,safe,2,2.393
/home/ubuntu/Lustre-exp/kind2-benchmarks/FMCAD08/Real_Int32/large/ccp08.lus,7.182,3,151,6,0,0,Not Found,safe,5 4,7.946
/home/ubuntu/Lustre-exp/kind2-benchmarks/FMCAD08/Real_Int32/large/ccp10.lus,Not Found,Not Found,Not Found,Not Found,Not Found,Not Found,Not Found,timeout,Not Found,290.119
/home/ubuntu/Lustre-exp/kind2-benchmarks/FMCAD08/Real_Int32/large/ccp11.lus,287.926,3,4132,65,0,2,Not Found,timeout,63 48 31,290.137
/home/ubuntu/Lustre-exp/kind2-benchmarks/FMCAD08/Real_Int32/large/ccp13.lus,196.118,4,2061,34,0,4,Not Found,timeout,19 15 12 9,290.127
/home/ubuntu/Lustre-exp/kind2-benchmarks/FMCAD08/Real_Int32/large/ccp14.lus,165.894,4,2733,58,4,8,Not Found,unsafe,64 42 30 17,167.834
/home/ubuntu/Lustre-exp/kind2-benchmarks/FMCAD08/Real_Int32/large/ccp17.lus,14.507,4,560,10,0,0,Not Found,safe,4 1 0,15.478
/home/ubuntu/Lustre-exp/kind2-benchmarks/FMCAD08/Real_Int32/large/ccp18.lus,4.599,3,151,5,0,0,Not Found,safe,6 5,5.454
/home/ubuntu/Lustre-exp/kind2-benchmarks/FMCAD08/Real_Int32/large/ccp20.lus,47.509,4,1170,24,0,0,Not Found,safe,8 3 0,48.387
/home/ubuntu/Lustre-exp/kind2-benchmarks/FMCAD08/Real_Int32/large/ccp21.lus,114.476,2,1487,33,0,0,Not Found,unsafe,44 25,115.755
/home/ubuntu/Lustre-exp/kind2-benchmarks/FMCAD08/Real_Int32/large/ccp22.lus,182.804,4,2334,48,0,3,Not Found,timeout,18 15 9 7,290.123
/home/ubuntu/Lustre-exp/kind2-benchmarks/FMCAD08/Real_Int32/large/ccp23.lus,242.982,3,3690,75,0,4,Not Found,unsafe,76 50 27,245.348
/home/ubuntu/Lustre-exp/kind2-benchmarks/FMCAD08/Real_Int32/large/ccp24.lus,276.049,4,3640,55,0,2,Not Found,timeout,49 42 32 17,276.877
/home/ubuntu/Lustre-exp/kind2-benchmarks/FMCAD08/Real_Int32/large/cruise_controller_01.lus,5.112,3,89,2,0,0,Not Found,safe,1 0,5.6
/home/ubuntu/Lustre-exp/kind2-benchmarks/FMCAD08/Real_Int32/large/cruise_controller_02.lus,2.965,3,91,2,0,0,Not Found,safe,1 0,3.406
/home/ubuntu/Lustre-exp/kind2-benchmarks/FMCAD08/Real_Int32/large/cruise_controller_03.lus,2.508,3,93,2,0,0,Not Found,safe,1 0,2.94
/home/ubuntu/Lustre-exp/kind2-benchmarks/FMCAD08/Real_Int32/large/cruise_controller_04.lus,1.772,3,103,3,0,0,Not Found,safe,2 1,2.214
/home/ubuntu/Lustre-exp/kind2-benchmarks/FMCAD08/Real_Int32/large/cruise_controller_08.lus,102.824,4,3426,55,1,2,Not Found,timeout,45 38 26 9,103.269
/home/ubuntu/Lustre-exp/kind2-benchmarks/FMCAD08/Real_Int32/large/cruise_controller_09.lus,Not Found,Not Found,Not Found,Not Found,Not Found,Not Found,Not Found,timeout,Not Found,290.118
/home/ubuntu/Lustre-exp/kind2-benchmarks/FMCAD08/Real_Int32/large/cruise_controller_10.lus,22.005,6,2565,31,0,0,Not Found,safe,16 10 2 1 0,22.599
/home/ubuntu/Lustre-exp/kind2-benchmarks/FMCAD08/Real_Int32/large/cruise_controller_12.lus,1.697,3,126,4,0,0,Not Found,safe,4 3,2.243
/home/ubuntu/Lustre-exp/kind2-benchmarks/FMCAD08/Real_Int32/large/cruise_controller_14.lus,1.01,3,110,3,0,0,Not Found,safe,3 2,1.548
/home/ubuntu/Lustre-exp/kind2-benchmarks/FMCAD08/Real_Int32/large/cruise_controller_15.lus,47.337,2,1932,47,0,0,Not Found,unsafe,54 22,48.614
/home/ubuntu/Lustre-exp/kind2-benchmarks/FMCAD08/Real_Int32/large/cruise_controller_16.lus,74.07,3,2435,46,0,1,Not Found,timeout,42 36 23,290.192
/home/ubuntu/Lustre-exp/kind2-benchmarks/FMCAD08/Real_Int32/large/cruise_controller_17.lus,65.299,2,1447,40,0,0,Not Found,unsafe,38 29,66.152
/home/ubuntu/Lustre-exp/kind2-benchmarks/FMCAD08/Real_Int32/large/cruise_controller_18.lus,27.979,4,794,20,0,0,Not Found,safe,9 2 0,28.504
/home/ubuntu/Lustre-exp/kind2-benchmarks/FMCAD08/Real_Int32/large/cruise_controller_19.lus,27.216,4,714,18,0,0,Not Found,safe,7 1 0,27.759
/home/ubuntu/Lustre-exp/kind2-benchmarks/FMCAD08/Real_Int32/large/cruise_controller_20.lus,40.008,2,1098,33,1,0,Not Found,unsafe,34 22,40.853
/home/ubuntu/Lustre-exp/kind2-benchmarks/FMCAD08/Real_Int32/large/cruise_controller_22.lus,43.693,2,1584,40,0,0,Not Found,unsafe,42 28,44.431
/home/ubuntu/Lustre-exp/kind2-benchmarks/FMCAD08/Real_Int32/large/cruise_controller_23.lus,63.61,3,2028,41,2,2,Not Found,timeout,37 31 18,290.228
/home/ubuntu/Lustre-exp/kind2-benchmarks/FMCAD08/Real_Int32/large/cruise_controller_24.lus,2.491,3,134,4,0,0,Not Found,safe,4 3,2.99
/home/ubuntu/Lustre-exp/kind2-benchmarks/FunctionalChain/channel/channel.lus,Not Found,Not Found,Not Found,Not Found,Not Found,Not Found,Not Found,timeout,Not Found,290.118
/home/ubuntu/Lustre-exp/kind2-benchmarks/FunctionalChain/channel/channel_bounds.lus,Not Found,Not Found,Not Found,Not Found,Not Found,Not Found,Not Found,timeout,Not Found,290.118
/home/ubuntu/Lustre-exp/kind2-benchmarks/FunctionalChain/channel/channel_str.lus,Not Found,Not Found,Not Found,Not Found,Not Found,Not Found,Not Found,timeout,Not Found,290.129
/home/ubuntu/Lustre-exp/kind2-benchmarks/FunctionalChain/channel/channel_top.lus,Not Found,Not Found,Not Found,Not Found,Not Found,Not Found,Not Found,timeout,Not Found,290.118
/home/ubuntu/Lustre-exp/kind2-benchmarks/FunctionalChain/functionalChain_bounds_large.lus,Not Found,Not Found,Not Found,Not Found,Not Found,Not Found,Not Found,timeout,Not Found,290.122
/home/ubuntu/Lustre-exp/kind2-benchmarks/FunctionalChain/functionalChain_bounds_medium.lus,Not Found,Not Found,Not Found,Not Found,Not Found,Not Found,Not Found,timeout,Not Found,290.151
/home/ubuntu/Lustre-exp/kind2-benchmarks/FunctionalChain/functionalChain_bounds_small.lus,Not Found,Not Found,Not Found,Not Found,Not Found,Not Found,Not Found,timeout,Not Found,290.12
/home/ubuntu/Lustre-exp/kind2-benchmarks/FunctionalChain/functionalChain_str_large.lus,Not Found,Not Found,Not Found,Not Found,Not Found,Not Found,Not Found,timeout,Not Found,290.12
/home/ubuntu/Lustre-exp/kind2-benchmarks/FunctionalChain/functionalChain_str_medium.lus,Not Found,Not Found,Not Found,Not Found,Not Found,Not Found,Not Found,timeout,Not Found,290.135
/home/ubuntu/Lustre-exp/kind2-benchmarks/FunctionalChain/functionalChain_str_small.lus,Not Found,Not Found,Not Found,Not Found,Not Found,Not Found,Not Found,timeout,Not Found,290.119
/home/ubuntu/Lustre-exp/kind2-benchmarks/FunctionalChain/reconfiguration/reconfiguration_medium.lus,6.687,8,1790,10,1,0,Not Found,timeout,8 7 6 5 4 3 2 1,290.232
/home/ubuntu/Lustre-exp/kind2-benchmarks/FunctionalChain/reconfiguration/reconfiguration_medium_bounds.lus,17.069,8,2034,10,1,0,Not Found,timeout,8 7 6 5 4 3 2 1,290.273
/home/ubuntu/Lustre-exp/kind2-benchmarks/FunctionalChain/reconfiguration/reconfiguration_small.lus,273.882,13,25717,175,2,25,Not Found,timeout,60 58 56 54 52 51 50 49 45 42 37 32 24,290.21
/home/ubuntu/Lustre-exp/kind2-benchmarks/FunctionalChain/reconfiguration/reconfiguration_small_bounds.lus,112.272,11,10289,53,2,2,Not Found,timeout,44 41 38 36 35 34 31 28 24 19 12,290.173
/home/ubuntu/Lustre-exp/kind2-benchmarks/FunctionalChain/relatedCounters/relatedCounters_small.lus,44.663,15,11675,78,2,47,Not Found,safe,15 13 12 11 10 9 8 7 6 5 4 3 2 1,45.02
/home/ubuntu/Lustre-exp/kind2-benchmarks/FunctionalChain/relatedCounters/relatedCounters_small_bounds.lus,13.354,12,4806,29,3,15,Not Found,safe,11 10 9 8 7 6 5 4 3 2 1,13.703
/home/ubuntu/Lustre-exp/kind2-benchmarks/FunctionalChain/triplexVoter/triplexVoter.lus,277.083,4,7349,54,5,1,Not Found,timeout,78 74 65 35,290.258
/home/ubuntu/Lustre-exp/kind2-benchmarks/FunctionalChain/triplexVoter/triplexVoter_bounds.lus,5.036,2,254,11,3,0,Not Found,timeout,12 7,290.284
/home/ubuntu/Lustre-exp/kind2-benchmarks/FunctionalChain/triplexVoter/triplexVoter_str.lus,1.259,3,203,9,0,0,Not Found,safe,1 0,1.618
