Unsatcore_file_path,Unsatcore_time,Unsatcore_k,Unsatcore_solver,Unsatcore_neg_state,Unsatcore_status,Unsatcore_frame_sizes,Unsatcore_elapsed_time
/home/ubuntu/Lustre-exp/kind2-benchmarks/FMCAD08/Int/large/microwave01.lus,0.594,3,83,2,safe,1 0,1.042
/home/ubuntu/Lustre-exp/kind2-benchmarks/FMCAD08/Int/large/microwave06.lus,17.536,7,3233,37,timeout,15 10 9 8 7 6 5,290.136
/home/ubuntu/Lustre-exp/kind2-benchmarks/FMCAD08/Int/large/microwave07.lus,4.816,7,1314,15,timeout,9 6 5 4 3 2 1,290.213
/home/ubuntu/Lustre-exp/kind2-benchmarks/FMCAD08/Int/large/microwave08.lus,16.159,7,2415,32,timeout,8 6 5 4 3 2 1,290.139
/home/ubuntu/Lustre-exp/kind2-benchmarks/FMCAD08/Int/large/microwave09.lus,2.826,4,582,9,timeout,6 3 2 1,290.22
/home/ubuntu/Lustre-exp/kind2-benchmarks/FMCAD08/Int/large/microwave10.lus,4.477,5,916,14,timeout,6 4 3 2 1,290.137
/home/ubuntu/Lustre-exp/kind2-benchmarks/FMCAD08/Int/large/microwave11.lus,179.107,23,25842,62,timeout,24 22 21 20 19 18 17 16 15 14 13 12 11 10 9 8 7 6 5 4 3 2 1,290.194
/home/ubuntu/Lustre-exp/kind2-benchmarks/FMCAD08/Int/large/microwave13.lus,4.502,5,916,14,timeout,6 4 3 2 1,290.135
/home/ubuntu/Lustre-exp/kind2-benchmarks/FMCAD08/Int/large/microwave14.lus,1.039,2,65,5,unsafe,0,1.511
/home/ubuntu/Lustre-exp/kind2-benchmarks/FMCAD08/Int/large/microwave17.lus,23.13,4,846,14,safe,6 1 0,23.584
/home/ubuntu/Lustre-exp/kind2-benchmarks/FMCAD08/Int/large/microwave18.lus,1.112,2,55,4,unsafe,0,1.535
/home/ubuntu/Lustre-exp/kind2-benchmarks/FMCAD08/Int/large/microwave19.lus,2.209,3,268,8,safe,7 3,2.648
/home/ubuntu/Lustre-exp/kind2-benchmarks/FMCAD08/Int/large/microwave23.lus,1.407,2,91,6,unsafe,0,1.836
/home/ubuntu/Lustre-exp/kind2-benchmarks/FMCAD08/Int/large/microwave24.lus,18.375,3,453,12,safe,11 5,18.853
/home/ubuntu/Lustre-exp/kind2-benchmarks/FMCAD08/Int/large/microwave26.lus,Not Found,Not Found,Not Found,Not Found,timeout,Not Found,290.119
/home/ubuntu/Lustre-exp/kind2-benchmarks/FMCAD08/Int/large/microwave27.lus,Not Found,Not Found,Not Found,Not Found,timeout,Not Found,290.118
/home/ubuntu/Lustre-exp/kind2-benchmarks/FMCAD08/Int/large/microwave28.lus,1.249,2,67,5,unsafe,0,1.702
/home/ubuntu/Lustre-exp/kind2-benchmarks/FMCAD08/Int/large/microwave29.lus,31.969,3,270,8,safe,7 3,32.44
/home/ubuntu/Lustre-exp/kind2-benchmarks/FMCAD08/Int/large/microwave30.lus,12.916,3,460,12,safe,12 6,13.369
/home/ubuntu/Lustre-exp/kind2-benchmarks/FMCAD08/Int/large/microwave31.lus,12.257,2,399,14,unsafe,0,12.711
/home/ubuntu/Lustre-exp/kind2-benchmarks/FMCAD08/Int/large/microwave34.lus,2.651,1,124,9,timeout,9,290.116
/home/ubuntu/Lustre-exp/kind2-benchmarks/FMCAD08/Int/large/microwave36.lus,8.993,2,350,16,unsafe,0,9.419
/home/ubuntu/Lustre-exp/kind2-benchmarks/FMCAD08/Int/large/microwave37.lus,Not Found,Not Found,Not Found,Not Found,timeout,Not Found,290.121
/home/ubuntu/Lustre-exp/kind2-benchmarks/FMCAD08/Int/large/microwave38.lus,199.881,1,441,21,unsafe,0,200.312
/home/ubuntu/Lustre-exp/kind2-benchmarks/FMCAD08/Int/memory1/DRAGON_11.lus,69.466,3,12035,71,timeout,135 101 52,290.194
/home/ubuntu/Lustre-exp/kind2-benchmarks/FMCAD08/Int/memory1/DRAGON_11_e1_2450_e2_1483.lus,127.682,4,23764,113,timeout,203 183 145 87,290.268
/home/ubuntu/Lustre-exp/kind2-benchmarks/FMCAD08/Int/memory1/DRAGON_11_e2_1678_e1_3565.lus,65.323,2,14052,85,timeout,157 83,290.31
/home/ubuntu/Lustre-exp/kind2-benchmarks/FMCAD08/Int/memory1/DRAGON_11_e2_5396_e3_282.lus,189.764,5,27084,140,timeout,217 201 185 158 114,290.298
/home/ubuntu/Lustre-exp/kind2-benchmarks/FMCAD08/Int/memory1/DRAGON_11_e3_382_e1_505.lus,151.78,5,16677,67,timeout,135 115 96 86 73,290.199
/home/ubuntu/Lustre-exp/kind2-benchmarks/FMCAD08/Int/memory1/DRAGON_11_e3_382_e4_4421.lus,50.093,3,11725,75,timeout,134 114 64,290.229
/home/ubuntu/Lustre-exp/kind2-benchmarks/FMCAD08/Int/memory1/DRAGON_12.lus,10.212,6,3624,26,safe,27 22 21 16 9,10.602
/home/ubuntu/Lustre-exp/kind2-benchmarks/FMCAD08/Int/memory1/DRAGON_12_e2_1618.lus,5.516,6,2488,20,safe,27 21 20 14 6,5.915
/home/ubuntu/Lustre-exp/kind2-benchmarks/FMCAD08/Int/memory1/DRAGON_12_e2_1618_e1_6030.lus,4.458,5,1842,18,safe,29 25 20 10,4.856
/home/ubuntu/Lustre-exp/kind2-benchmarks/FMCAD08/Int/memory1/DRAGON_12_e2_1618_e2_138.lus,1.287,5,763,11,safe,10 8 7 4,1.681
/home/ubuntu/Lustre-exp/kind2-benchmarks/FMCAD08/Int/memory1/DRAGON_12_e2_1618_e3_2012.lus,4.586,3,1412,23,safe,26 6,5.001
/home/ubuntu/Lustre-exp/kind2-benchmarks/FMCAD08/Int/memory1/DRAGON_13.lus,19.052,7,6185,39,safe,14 9 5 3 1 0,19.467
/home/ubuntu/Lustre-exp/kind2-benchmarks/FMCAD08/Int/memory1/DRAGON_13_e3_1418_e3_2761.lus,10.362,4,4060,37,safe,60 53 21,10.751
/home/ubuntu/Lustre-exp/kind2-benchmarks/FMCAD08/Int/memory1/DRAGON_14.lus,169.978,9,24955,95,timeout,81 76 68 63 58 55 52 49 44,290.176
/home/ubuntu/Lustre-exp/kind2-benchmarks/FMCAD08/Int/memory1/DRAGON_14_e1_5710.lus,161.622,8,28853,113,timeout,158 151 143 137 133 117 86 42,290.19
/home/ubuntu/Lustre-exp/kind2-benchmarks/FMCAD08/Int/memory1/DRAGON_14_e2_3606.lus,230.543,11,26103,61,timeout,65 60 52 49 47 44 41 32 23 16 10,290.208
/home/ubuntu/Lustre-exp/kind2-benchmarks/FMCAD08/Int/memory1/DRAGON_14_e3_1259_e1_5798.lus,163.287,8,21667,65,timeout,57 50 43 41 37 34 25 14,290.217
/home/ubuntu/Lustre-exp/kind2-benchmarks/FMCAD08/Int/memory1/DRAGON_14_e3_5120.lus,112.067,8,18168,89,timeout,96 91 84 80 78 72 58 36,290.214
/home/ubuntu/Lustre-exp/kind2-benchmarks/FMCAD08/Int/memory1/DRAGON_14_e7_3162.lus,0.83,2,366,13,unsafe,13 7,1.217
/home/ubuntu/Lustre-exp/kind2-benchmarks/FMCAD08/Int/memory1/DRAGON_14_e7_3162_e1_3998.lus,1.046,2,444,14,unsafe,16 6,1.44
/home/ubuntu/Lustre-exp/kind2-benchmarks/FMCAD08/Int/memory1/DRAGON_14_e7_3162_e2_753.lus,0.88,2,396,14,unsafe,16 9,1.278
/home/ubuntu/Lustre-exp/kind2-benchmarks/FMCAD08/Int/memory1/DRAGON_14_e7_3162_e3_4298.lus,0.923,2,356,14,unsafe,15 7,1.318
/home/ubuntu/Lustre-exp/kind2-benchmarks/FMCAD08/Int/memory1/DRAGON_14_e7_3162_e7_3528.lus,0.883,2,361,14,unsafe,14 9,1.287
/home/ubuntu/Lustre-exp/kind2-benchmarks/FMCAD08/Int/memory1/DRAGON_4.lus,12.802,6,4325,26,safe,43 37 31 27 14,13.2
/home/ubuntu/Lustre-exp/kind2-benchmarks/FMCAD08/Int/memory1/DRAGON_4_e1_4312.lus,3.42,4,1655,18,timeout,25 20 18 9,290.281
/home/ubuntu/Lustre-exp/kind2-benchmarks/FMCAD08/Int/memory1/DRAGON_4_e2_2799.lus,6.647,5,3147,29,safe,44 38 28 12,7.065
/home/ubuntu/Lustre-exp/kind2-benchmarks/FMCAD08/Int/memory1/DRAGON_4_e2_2799_e1_1303.lus,4.842,5,2335,24,safe,36 31 25 10,5.264
/home/ubuntu/Lustre-exp/kind2-benchmarks/FMCAD08/Int/memory1/DRAGON_4_e2_2799_e2_2251.lus,6.582,5,2771,25,safe,36 31 24 11,6.979
/home/ubuntu/Lustre-exp/kind2-benchmarks/FMCAD08/Int/memory1/DRAGON_4_e2_2799_e3_1915.lus,8.716,5,3457,29,safe,48 43 32 13,9.136
/home/ubuntu/Lustre-exp/kind2-benchmarks/FMCAD08/Int/memory1/DRAGON_4_e3_1540_e1_5048.lus,121.286,9,17938,72,safe,40 34 23 12 5 2 1 0,121.728
/home/ubuntu/Lustre-exp/kind2-benchmarks/FMCAD08/Int/memory1/DRAGON_4_e3_4133.lus,7.877,6,3262,22,safe,25 19 17 12 3,8.183
/home/ubuntu/Lustre-exp/kind2-benchmarks/FMCAD08/Int/memory1/DRAGON_5.lus,0.644,4,405,8,safe,10 8 4,1.036
/home/ubuntu/Lustre-exp/kind2-benchmarks/FMCAD08/Int/memory1/DRAGON_5_e1_1835.lus,0.802,4,509,8,safe,10 8 5,1.172
/home/ubuntu/Lustre-exp/kind2-benchmarks/FMCAD08/Int/memory1/DRAGON_5_e2_3018_e2_936.lus,0.553,4,356,7,safe,9 7 3,0.951
/home/ubuntu/Lustre-exp/kind2-benchmarks/FMCAD08/Int/memory1/DRAGON_8.lus,0.381,3,216,6,timeout,7 6 3,290.327
/home/ubuntu/Lustre-exp/kind2-benchmarks/FMCAD08/Int/memory1/DRAGON_8_e3_786_e7_4541.lus,0.628,4,353,9,safe,12 11 6,1.021
/home/ubuntu/Lustre-exp/kind2-benchmarks/FMCAD08/Int/memory1/DRAGON_8_e7_3752.lus,0.437,4,227,6,safe,6 5 3,0.813
/home/ubuntu/Lustre-exp/kind2-benchmarks/FMCAD08/Int/memory1/DRAGON_all2.lus,10.368,6,3308,28,safe,26 22 20 17 10,10.769
/home/ubuntu/Lustre-exp/kind2-benchmarks/FMCAD08/Int/memory1/DRAGON_all2_e3_4612_e1_6463.lus,7.699,5,2530,30,safe,25 20 19 11,8.124
/home/ubuntu/Lustre-exp/kind2-benchmarks/FMCAD08/Int/memory1/DRAGON_all2_e3_4612_e2_5774.lus,3.378,4,1410,23,safe,18 14 7,3.802
/home/ubuntu/Lustre-exp/kind2-benchmarks/FMCAD08/Int/memory1/DRAGON_all2_e3_4612_e3_1543.lus,4.886,5,1892,23,safe,23 19 17 8,5.286
/home/ubuntu/Lustre-exp/kind2-benchmarks/FMCAD08/Int/memory1/DRAGON_all2_e3_4612_e4_3719.lus,5.068,4,1681,26,safe,20 14 8,5.474
/home/ubuntu/Lustre-exp/kind2-benchmarks/FMCAD08/Int/memory1/DRAGON_all2_e3_4612_e5_3642.lus,3.791,4,1426,26,safe,18 13 6,4.204
/home/ubuntu/Lustre-exp/kind2-benchmarks/FMCAD08/Int/memory1/FIREFLY_11_e1_3457.lus,0.072,1,40,3,timeout,3,290.253
/home/ubuntu/Lustre-exp/kind2-benchmarks/FMCAD08/Int/memory1/FIREFLY_4_e3_3511_e1_2375.lus,0.602,2,322,10,unsafe,12 5,0.962
/home/ubuntu/Lustre-exp/kind2-benchmarks/FMCAD08/Int/memory1/FIREFLY_4_e3_3511_e4_1464.lus,0.188,2,77,5,unsafe,2 1,0.563
/home/ubuntu/Lustre-exp/kind2-benchmarks/FMCAD08/Int/memory1/FIREFLY_6_e2_3302.lus,0.572,4,559,8,safe,11 8 5,0.922
/home/ubuntu/Lustre-exp/kind2-benchmarks/FMCAD08/Int/memory1/FIREFLY_7.lus,250.537,10,24617,66,safe,53 43 39 26 22 19 16 9 5,250.975
/home/ubuntu/Lustre-exp/kind2-benchmarks/FMCAD08/Int/memory1/FIREFLY_a3_e3_314_e1_1979.lus,0.259,2,141,8,unsafe,3 2,0.638
/home/ubuntu/Lustre-exp/kind2-benchmarks/FMCAD08/Int/memory1/FIREFLY_a3_e3_314_e4_897.lus,0.467,2,223,10,unsafe,7 3,0.837
/home/ubuntu/Lustre-exp/kind2-benchmarks/FMCAD08/Int/memory1/FIREFLY_luke_1a_e7_3042_e3_1213.lus,234.672,6,14181,60,timeout,65 64 63 62 61 60,290.183
/home/ubuntu/Lustre-exp/kind2-benchmarks/FMCAD08/Int/memory1/FIREFLY_luke_2_e2_1375_e1_418.lus,0.493,4,477,7,safe,9 7 4,0.851
/home/ubuntu/Lustre-exp/kind2-benchmarks/FMCAD08/Int/memory1/FIREFLY_luke_2_e7_1826_e8_126.lus,0.496,4,485,7,safe,10 8 5,0.851
/home/ubuntu/Lustre-exp/kind2-benchmarks/FMCAD08/Int/memory1/FIREFLY_luke_3.lus,5.39,6,2879,27,safe,40 35 26 18 8,5.779
/home/ubuntu/Lustre-exp/kind2-benchmarks/FMCAD08/Int/memory1/FIREFLY_luke_3_e1_2217_e3_1200.lus,4.444,7,2839,17,safe,22 19 16 15 13 12,4.825
/home/ubuntu/Lustre-exp/kind2-benchmarks/FMCAD08/Int/memory1/FIREFLY_rt.lus,0.602,4,573,10,safe,10 8 4,0.954
/home/ubuntu/Lustre-exp/kind2-benchmarks/FMCAD08/Int/memory1/FIREFLY_rt_e3_1770_e2_637.lus,0.686,4,620,11,safe,11 9 5,1.036
/home/ubuntu/Lustre-exp/kind2-benchmarks/FMCAD08/Int/memory1/FIREFLY_u1.lus,2.49,7,1846,10,safe,6 4 3 2 1 0,2.865
/home/ubuntu/Lustre-exp/kind2-benchmarks/FMCAD08/Int/memory1/FIREFLY_u1_e2_3403_e2_957.lus,16.093,7,5567,24,safe,44 39 35 32 25 6,16.475
/home/ubuntu/Lustre-exp/kind2-benchmarks/FMCAD08/Int/memory2/ILLINOIS_a1.lus,0.561,4,458,10,safe,9 7 4,0.938
/home/ubuntu/Lustre-exp/kind2-benchmarks/FMCAD08/Int/memory2/ILLINOIS_r4a.lus,1.126,4,920,15,safe,21 17 8,1.495
/home/ubuntu/Lustre-exp/kind2-benchmarks/FMCAD08/Int/memory2/MESI_3.lus,1.211,5,840,15,safe,8 4 3 2,1.566
/home/ubuntu/Lustre-exp/kind2-benchmarks/FMCAD08/Int/memory2/MESI_3_e1_2517_e8_2163.lus,2.08,7,1440,16,safe,9 6 5 4 2 1,2.427
/home/ubuntu/Lustre-exp/kind2-benchmarks/FMCAD08/Int/memory2/MESI_3_e2_819_e1_1145.lus,1.2,5,840,15,safe,8 4 3 2,1.552
/home/ubuntu/Lustre-exp/kind2-benchmarks/FMCAD08/Int/memory2/MESI_3_e2_819_e4_1595.lus,1.226,5,840,15,safe,8 4 3 2,1.577
/home/ubuntu/Lustre-exp/kind2-benchmarks/FMCAD08/Int/memory2/MESI_i4_e6_2175.lus,0.765,5,861,15,safe,16 14 10 6,1.108
/home/ubuntu/Lustre-exp/kind2-benchmarks/FMCAD08/Int/memory2/MESI_i4_e7_1017_e6_1132.lus,1.263,5,1173,17,safe,9 7 4 3,1.617
/home/ubuntu/Lustre-exp/kind2-benchmarks/FMCAD08/Int/misc/_6counters.lus,9.568,9,5708,40,unsafe,40 37 33 29 26 23 17 14 10,9.916
/home/ubuntu/Lustre-exp/kind2-benchmarks/FMCAD08/Int/misc/_6counters_e3_140_e8_149.lus,0.484,4,672,12,timeout,11 9 7 4,290.239
/home/ubuntu/Lustre-exp/kind2-benchmarks/FMCAD08/Int/misc/_6counters_e8_371_e3_224.lus,0.5,4,672,12,timeout,11 9 7 4,290.305
/home/ubuntu/Lustre-exp/kind2-benchmarks/FMCAD08/Int/misc/_6counters_e8_371_e7_304.lus,1.465,4,1144,16,unsafe,17 14 11 8,1.818
/home/ubuntu/Lustre-exp/kind2-benchmarks/FMCAD08/Int/misc/twisted_counters.lus,9.516,9,5711,47,safe,61 59 54 51 50 45 35 20,9.886
/home/ubuntu/Lustre-exp/kind2-benchmarks/FMCAD08/Int/misc/two_counters.lus,1.077,6,1411,20,safe,25 23 19 16 10,1.428
/home/ubuntu/Lustre-exp/kind2-benchmarks/FMCAD08/Int/protocol/rtp_vt.lus,64.563,8,12757,72,safe,81 80 78 75 71 68 43,64.957
/home/ubuntu/Lustre-exp/kind2-benchmarks/FMCAD08/Int/protocol/swimmingpool_1.lus,1.239,4,673,12,unsafe,9 7 4 1,1.598
/home/ubuntu/Lustre-exp/kind2-benchmarks/FMCAD08/Int/protocol/swimmingpool_6_e7_10_e7_341.lus,0.935,4,478,13,unsafe,10 8 5 1,1.293
/home/ubuntu/Lustre-exp/kind2-benchmarks/FMCAD08/Int/protocol/swimmingpool_6_e7_399.lus,0.516,4,329,8,unsafe,4 3 2 1,0.87
/home/ubuntu/Lustre-exp/kind2-benchmarks/FMCAD08/Int/protocol/swimmingpool_8.lus,0.285,2,135,9,unsafe,6 2,0.657
/home/ubuntu/Lustre-exp/kind2-benchmarks/FMCAD08/Int/protocol/swimmingpool_9.lus,15.702,7,4281,38,unsafe,36 29 19 7 4 2 1,16.089
/home/ubuntu/Lustre-exp/kind2-benchmarks/FMCAD08/Int/simulation/car_5.lus,49.433,12,12046,83,safe,47 45 43 41 40 39 35 30 24 17 9,49.806
/home/ubuntu/Lustre-exp/kind2-benchmarks/FMCAD08/Int/simulation/car_5_e2_405_e2_1083.lus,0.28,2,137,10,unsafe,8 1,0.619
/home/ubuntu/Lustre-exp/kind2-benchmarks/FMCAD08/Int/simulation/car_5_e2_405_e3_473.lus,0.278,2,137,10,unsafe,8 1,0.621
/home/ubuntu/Lustre-exp/kind2-benchmarks/FMCAD08/Int/simulation/car_5_e2_405_e8_1055.lus,0.29,2,137,10,unsafe,8 1,0.631
/home/ubuntu/Lustre-exp/kind2-benchmarks/FMCAD08/Int/simulation/car_5_e3_11_e1_429.lus,0.325,2,137,10,unsafe,8 1,0.676
/home/ubuntu/Lustre-exp/kind2-benchmarks/FMCAD08/Int/simulation/car_5_e3_11_e5_24.lus,0.284,2,137,10,unsafe,8 1,0.624
/home/ubuntu/Lustre-exp/kind2-benchmarks/FMCAD08/Int/simulation/car_5_e3_661.lus,0.327,2,137,10,unsafe,8 1,0.674
/home/ubuntu/Lustre-exp/kind2-benchmarks/FMCAD08/Int/simulation/car_5_e7_244.lus,80.571,13,16080,101,safe,55 53 51 49 47 45 41 37 32 26 18 10,80.972
/home/ubuntu/Lustre-exp/kind2-benchmarks/FMCAD08/Int/simulation/car_5_e7_244_e1_823.lus,9.692,10,4872,32,safe,18 17 15 13 11 10 7 4 2,10.044
/home/ubuntu/Lustre-exp/kind2-benchmarks/FMCAD08/Int/simulation/car_5_e7_244_e2_693.lus,0.258,2,133,10,unsafe,8 1,0.609
/home/ubuntu/Lustre-exp/kind2-benchmarks/FMCAD08/Int/simulation/car_5_e7_244_e3_1071.lus,0.305,2,133,10,unsafe,8 1,0.654
/home/ubuntu/Lustre-exp/kind2-benchmarks/FMCAD08/Int/simulation/car_6.lus,90.601,14,20268,138,safe,65 63 60 57 54 52 48 43 38 32 25 17 8,90.982
/home/ubuntu/Lustre-exp/kind2-benchmarks/FMCAD08/Int/simulation/car_6_e1_152.lus,26.131,13,9792,73,safe,60 58 56 54 52 50 46 41 35 28 19 9,26.488
/home/ubuntu/Lustre-exp/kind2-benchmarks/FMCAD08/Int/simulation/car_6_e1_152_e1_391.lus,1.883,7,1785,24,safe,16 15 12 11 9 4,2.227
/home/ubuntu/Lustre-exp/kind2-benchmarks/FMCAD08/Int/simulation/car_6_e2_589_e2_506.lus,0.312,2,176,13,unsafe,11 2,0.66
/home/ubuntu/Lustre-exp/kind2-benchmarks/FMCAD08/Int/simulation/car_6_e2_589_e3_349.lus,0.335,2,177,13,unsafe,11 2,0.674
/home/ubuntu/Lustre-exp/kind2-benchmarks/FMCAD08/Int/simulation/car_6_e2_893.lus,0.313,2,173,13,unsafe,11 2,0.652
/home/ubuntu/Lustre-exp/kind2-benchmarks/FMCAD08/Int/simulation/car_6_e3_294_e1_956.lus,0.494,2,266,16,unsafe,15 4,0.832
/home/ubuntu/Lustre-exp/kind2-benchmarks/FMCAD08/Int/simulation/car_6_e3_294_e3_47.lus,0.335,2,173,13,unsafe,11 2,0.68
/home/ubuntu/Lustre-exp/kind2-benchmarks/FMCAD08/Int/simulation/car_6_e3_294_e5_979.lus,0.388,2,173,13,unsafe,11 2,0.722
/home/ubuntu/Lustre-exp/kind2-benchmarks/FMCAD08/Int/simulation/cd.lus,10.018,9,6337,59,safe,73 70 66 60 55 48 38 21,10.389
/home/ubuntu/Lustre-exp/kind2-benchmarks/FMCAD08/Int/simulation/cd_e7_621_e7_669.lus,0.297,2,149,11,unsafe,6 0,0.641
/home/ubuntu/Lustre-exp/kind2-benchmarks/FMCAD08/Int/simulation/cd_e7_8.lus,0.245,2,139,10,unsafe,8 1,0.604
/home/ubuntu/Lustre-exp/kind2-benchmarks/FMCAD08/Int/simulation/Gas.lus,0.034,1,22,2,timeout,2,290.257
/home/ubuntu/Lustre-exp/kind2-benchmarks/FMCAD08/Int/simulation/metros_1.lus,1.315,5,919,15,safe,8 5 4 2,1.653
/home/ubuntu/Lustre-exp/kind2-benchmarks/FMCAD08/Int/simulation/metros_1_e1_846_e1_1317.lus,0.937,4,736,19,safe,19 17 10,1.288
/home/ubuntu/Lustre-exp/kind2-benchmarks/FMCAD08/Int/simulation/metros_1_e1_846_e3_1060.lus,0.264,3,223,9,safe,8 6,0.603
/home/ubuntu/Lustre-exp/kind2-benchmarks/FMCAD08/Int/simulation/metros_1_e1_846_e7_397.lus,0.722,4,597,15,safe,12 9 6,1.084
/home/ubuntu/Lustre-exp/kind2-benchmarks/FMCAD08/Int/simulation/metros_1_e2_1102_e1_317.lus,0.699,4,570,13,safe,3 1 0,1.046
/home/ubuntu/Lustre-exp/kind2-benchmarks/FMCAD08/Int/simulation/metros_1_e2_1102_e2_943.lus,0.367,3,286,10,safe,11 8,0.716
/home/ubuntu/Lustre-exp/kind2-benchmarks/FMCAD08/Int/simulation/metros_1_e2_1102_e3_961.lus,0.691,4,549,15,safe,10 6 4,1.03
/home/ubuntu/Lustre-exp/kind2-benchmarks/FMCAD08/Int/simulation/metros_1_e2_1102_e7_1163.lus,0.54,4,480,12,safe,6 3 2,0.895
/home/ubuntu/Lustre-exp/kind2-benchmarks/FMCAD08/Int/simulation/metros_1_e7_606.lus,1.09,4,829,19,safe,8 4 2,1.448
/home/ubuntu/Lustre-exp/kind2-benchmarks/FMCAD08/Int/simulation/metros_2.lus,118.406,13,18145,117,safe,123 121 118 115 110 104 96 86 74 60 44 22,118.796
/home/ubuntu/Lustre-exp/kind2-benchmarks/FMCAD08/Int/simulation/metros_2_e1_1116_e1_556.lus,23.035,7,5078,86,unsafe,55 39 33 24 20 14 7,23.426
/home/ubuntu/Lustre-exp/kind2-benchmarks/FMCAD08/Int/simulation/metros_2_e1_1116_e2_617.lus,1.601,6,1192,22,safe,11 10 9 7 3,1.959
/home/ubuntu/Lustre-exp/kind2-benchmarks/FMCAD08/Int/simulation/metros_2_e1_1116_e3_287.lus,0.957,2,403,20,unsafe,18 9,1.318
/home/ubuntu/Lustre-exp/kind2-benchmarks/FMCAD08/Int/simulation/metros_2_e1_1116_e7_1440.lus,12.716,4,3124,73,unsafe,68 49 26 6,13.101
/home/ubuntu/Lustre-exp/kind2-benchmarks/FMCAD08/Int/simulation/metros_2_e1_190.lus,56.464,13,13341,90,safe,82 77 73 71 70 69 67 62 54 44 32 16,56.87
/home/ubuntu/Lustre-exp/kind2-benchmarks/FMCAD08/Int/simulation/metros_2_e2_704_e1_389.lus,6.474,3,1742,51,unsafe,50 35 11,6.845
/home/ubuntu/Lustre-exp/kind2-benchmarks/FMCAD08/Int/simulation/metros_2_e2_704_e2_13.lus,1.199,6,986,17,safe,9 8 7 5 2,1.556
/home/ubuntu/Lustre-exp/kind2-benchmarks/FMCAD08/Int/simulation/metros_2_e2_704_e3_76.lus,0.849,2,334,18,unsafe,17 7,1.2
/home/ubuntu/Lustre-exp/kind2-benchmarks/FMCAD08/Int/simulation/metros_2_e2_704_e7_810.lus,6.519,3,2670,61,unsafe,62 36 18,6.883
/home/ubuntu/Lustre-exp/kind2-benchmarks/FMCAD08/Int/simulation/metros_2_e2_968.lus,42.654,14,8970,80,unsafe,40 30 27 23 20 18 16 14 12 10 8 6 4 1,43.054
/home/ubuntu/Lustre-exp/kind2-benchmarks/FMCAD08/Int/simulation/metros_2_e3_112.lus,9.746,3,1764,58,unsafe,52 28 9,10.14
/home/ubuntu/Lustre-exp/kind2-benchmarks/FMCAD08/Int/simulation/metros_3.lus,247.725,20,23760,50,timeout,23 21 20 19 18 16 15 14 13 12 11 10 9 8 7 6 5 4 3 2,290.18
/home/ubuntu/Lustre-exp/kind2-benchmarks/FMCAD08/Int/simulation/metros_3_e3_1275.lus,219.741,20,25234,33,timeout,26 22 21 20 18 17 16 15 14 13 12 11 10 9 8 7 6 5 4 3,290.189
/home/ubuntu/Lustre-exp/kind2-benchmarks/FMCAD08/Int/simulation/metros_3_e3_1275_e1_1350.lus,40.515,13,9129,58,timeout,19 17 14 13 12 11 10 8 7 6 5 4 2,290.247
/home/ubuntu/Lustre-exp/kind2-benchmarks/FMCAD08/Int/simulation/metros_3_e3_1275_e5_846.lus,13.221,3,1471,53,unsafe,48 30 2,13.602
/home/ubuntu/Lustre-exp/kind2-benchmarks/FMCAD08/Int/simulation/metros_3_e3_1275_e6_1315.lus,259.265,20,23760,50,timeout,23 21 20 19 18 16 15 14 13 12 11 10 9 8 7 6 5 4 3 2,290.196
/home/ubuntu/Lustre-exp/kind2-benchmarks/FMCAD08/Int/simulation/metros_3_e3_1275_e7_529.lus,15.592,3,2248,61,unsafe,60 44 6,15.971
/home/ubuntu/Lustre-exp/kind2-benchmarks/FMCAD08/Int/simulation/metros_3_e4_987.lus,226.489,7,16605,69,timeout,42 39 30 28 26 19 16,290.174
/home/ubuntu/Lustre-exp/kind2-benchmarks/FMCAD08/Int/simulation/metros_3_e4_987_e1_1115.lus,289.243,16,24571,77,timeout,31 27 24 22 20 18 16 15 14 13 12 11 10 9 8 7,290.218
/home/ubuntu/Lustre-exp/kind2-benchmarks/FMCAD08/Int/simulation/metros_3_e4_987_e2_80.lus,15.218,3,2461,68,unsafe,67 41 11,15.612
/home/ubuntu/Lustre-exp/kind2-benchmarks/FMCAD08/Int/simulation/metros_3_e4_987_e3_291.lus,248.842,21,25917,93,unsafe,64 54 41 37 34 32 30 28 26 24 22 20 18 16 14 12 10 8 6 4 1,249.316
/home/ubuntu/Lustre-exp/kind2-benchmarks/FMCAD08/Int/simulation/metros_4.lus,236.608,20,23778,50,timeout,23 21 20 19 18 16 15 14 13 12 11 10 9 8 7 6 5 4 3 2,290.191
/home/ubuntu/Lustre-exp/kind2-benchmarks/FMCAD08/Int/simulation/metros_4_e1_821_e5_911.lus,253.56,13,34263,169,timeout,84 81 79 77 75 71 69 66 60 54 45 36 27,290.245
/home/ubuntu/Lustre-exp/kind2-benchmarks/FMCAD08/Int/simulation/metros_4_e1_917.lus,180.956,8,14762,89,timeout,46 42 31 24 22 20 15 12,290.179
/home/ubuntu/Lustre-exp/kind2-benchmarks/FMCAD08/Int/simulation/metros_4_e2_968.lus,275.025,10,15493,50,timeout,46 44 42 40 36 31 27 23 21 17,290.203
/home/ubuntu/Lustre-exp/kind2-benchmarks/FMCAD08/Int/simulation/metros_4_e2_968_e1_956.lus,18.142,4,5186,86,unsafe,91 71 51 27,18.528
/home/ubuntu/Lustre-exp/kind2-benchmarks/FMCAD08/Int/simulation/metros_4_e2_968_e2_1166.lus,0.147,3,138,5,safe,5 3,0.477
/home/ubuntu/Lustre-exp/kind2-benchmarks/FMCAD08/Int/simulation/metros_4_e2_968_e4_801.lus,7.438,3,1528,51,unsafe,48 25 8,7.819
/home/ubuntu/Lustre-exp/kind2-benchmarks/FMCAD08/Int/simulation/metros_4_e2_968_e5_991.lus,10.993,3,2126,61,unsafe,60 35 11,11.367
/home/ubuntu/Lustre-exp/kind2-benchmarks/FMCAD08/Int/simulation/metros_4_e2_968_e6_236.lus,1.134,2,278,17,unsafe,14 0,1.5
/home/ubuntu/Lustre-exp/kind2-benchmarks/FMCAD08/Int/simulation/metros_4_e2_968_e7_860.lus,15.773,3,2717,67,unsafe,64 45 9,16.16
/home/ubuntu/Lustre-exp/kind2-benchmarks/FMCAD08/Int/simulation/metros_4_e3_1025.lus,276.155,9,18741,33,timeout,36 32 23 21 18 16 14 12 8,290.206
/home/ubuntu/Lustre-exp/kind2-benchmarks/FMCAD08/Int/simulation/metros_4_e3_1091_e1_1044.lus,9.632,3,2729,60,unsafe,60 41 25,10.005
/home/ubuntu/Lustre-exp/kind2-benchmarks/FMCAD08/Int/simulation/metros_4_e3_1091_e4_232.lus,286.188,10,15493,50,timeout,46 44 42 40 36 31 27 23 21 17,290.2
/home/ubuntu/Lustre-exp/kind2-benchmarks/FMCAD08/Int/simulation/metros_4_e5_1150.lus,236.811,8,17028,52,timeout,36 33 27 25 23 17 13 10,290.203
/home/ubuntu/Lustre-exp/kind2-benchmarks/FMCAD08/Int/simulation/metros_5.lus,136.443,12,15263,66,timeout,37 30 25 22 19 17 15 13 11 9 7 5,290.237
/home/ubuntu/Lustre-exp/kind2-benchmarks/FMCAD08/Int/simulation/metros_5_e4_1208_e1_337.lus,219.581,8,16771,96,timeout,91 84 68 63 58 52 47 41,290.232
/home/ubuntu/Lustre-exp/kind2-benchmarks/FMCAD08/Int32/large/microwave01.lus,1.282,3,112,3,safe,1 0,1.746
/home/ubuntu/Lustre-exp/kind2-benchmarks/FMCAD08/Int32/large/microwave03.lus,Not Found,Not Found,Not Found,Not Found,timeout,Not Found,290.12
/home/ubuntu/Lustre-exp/kind2-benchmarks/FMCAD08/Int32/large/microwave04.lus,Not Found,Not Found,Not Found,Not Found,timeout,Not Found,290.118
/home/ubuntu/Lustre-exp/kind2-benchmarks/FMCAD08/Int32/large/microwave05.lus,Not Found,Not Found,Not Found,Not Found,timeout,Not Found,290.12
/home/ubuntu/Lustre-exp/kind2-benchmarks/FMCAD08/Int32/large/microwave07.lus,161.827,9,1922,13,timeout,9 8 7 6 5 4 3 2 1,290.163
/home/ubuntu/Lustre-exp/kind2-benchmarks/FMCAD08/Int32/large/microwave08.lus,204.835,2,4561,51,timeout,54 6,290.132
/home/ubuntu/Lustre-exp/kind2-benchmarks/FMCAD08/Int32/large/microwave09.lus,0.407,1,32,2,timeout,2,290.144
/home/ubuntu/Lustre-exp/kind2-benchmarks/FMCAD08/Int32/large/microwave10.lus,19.91,4,603,16,timeout,4 3 2 1,290.185
/home/ubuntu/Lustre-exp/kind2-benchmarks/FMCAD08/Int32/large/microwave11.lus,47.599,7,1084,10,timeout,7 6 5 4 3 2 1,290.184
/home/ubuntu/Lustre-exp/kind2-benchmarks/FMCAD08/Int32/large/microwave13.lus,11.089,3,446,15,timeout,11 7 3,290.135
/home/ubuntu/Lustre-exp/kind2-benchmarks/FMCAD08/Int32/large/microwave17.lus,22.281,3,270,9,safe,7 4,22.749
/home/ubuntu/Lustre-exp/kind2-benchmarks/FMCAD08/Int32/large/microwave19.lus,7.726,3,185,7,safe,6 4,8.227
/home/ubuntu/Lustre-exp/kind2-benchmarks/FMCAD08/Int32/large/microwave22.lus,Not Found,Not Found,Not Found,Not Found,timeout,Not Found,290.126
/home/ubuntu/Lustre-exp/kind2-benchmarks/FMCAD08/Int32/large/microwave24.lus,60.013,3,246,8,safe,6 3,60.487
/home/ubuntu/Lustre-exp/kind2-benchmarks/FMCAD08/Int32/large/microwave26.lus,Not Found,Not Found,Not Found,Not Found,timeout,Not Found,290.12
/home/ubuntu/Lustre-exp/kind2-benchmarks/FMCAD08/Int32/large/microwave27.lus,Not Found,Not Found,Not Found,Not Found,timeout,Not Found,290.122
/home/ubuntu/Lustre-exp/kind2-benchmarks/FMCAD08/Int32/large/microwave29.lus,187.622,3,284,9,safe,7 4,188.114
/home/ubuntu/Lustre-exp/kind2-benchmarks/FMCAD08/Int32/large/microwave30.lus,Not Found,Not Found,Not Found,Not Found,timeout,Not Found,290.119
/home/ubuntu/Lustre-exp/kind2-benchmarks/FMCAD08/Int32/large/microwave31.lus,Not Found,Not Found,Not Found,Not Found,timeout,Not Found,290.118
/home/ubuntu/Lustre-exp/kind2-benchmarks/FMCAD08/Int32/large/microwave32.lus,Not Found,Not Found,Not Found,Not Found,timeout,Not Found,290.118
/home/ubuntu/Lustre-exp/kind2-benchmarks/FMCAD08/Int32/large/microwave33.lus,Not Found,Not Found,Not Found,Not Found,timeout,Not Found,290.118
/home/ubuntu/Lustre-exp/kind2-benchmarks/FMCAD08/Int32/large/microwave34.lus,Not Found,Not Found,Not Found,Not Found,timeout,Not Found,290.119
/home/ubuntu/Lustre-exp/kind2-benchmarks/FMCAD08/Int32/large/microwave35.lus,Not Found,Not Found,Not Found,Not Found,timeout,Not Found,290.122
/home/ubuntu/Lustre-exp/kind2-benchmarks/FMCAD08/Int32/large/microwave36.lus,Not Found,Not Found,Not Found,Not Found,timeout,Not Found,290.121
/home/ubuntu/Lustre-exp/kind2-benchmarks/FMCAD08/Int32/large/microwave37.lus,Not Found,Not Found,Not Found,Not Found,timeout,Not Found,290.12
/home/ubuntu/Lustre-exp/kind2-benchmarks/FMCAD08/Int32/large/microwave38.lus,Not Found,Not Found,Not Found,Not Found,timeout,Not Found,290.121
/home/ubuntu/Lustre-exp/kind2-benchmarks/FMCAD08/Int32/large/microwave39.lus,Not Found,Not Found,Not Found,Not Found,timeout,Not Found,290.12
/home/ubuntu/Lustre-exp/kind2-benchmarks/FMCAD08/Int32/memory1/DRAGON_10.lus,6.458,2,427,14,timeout,17 10,290.122
/home/ubuntu/Lustre-exp/kind2-benchmarks/FMCAD08/Int32/memory1/DRAGON_10_e1_3587_e3_2749.lus,25.414,2,807,20,timeout,28 15,290.121
/home/ubuntu/Lustre-exp/kind2-benchmarks/FMCAD08/Int32/memory1/DRAGON_10_e2_2785_e3_1744.lus,14.783,2,428,13,timeout,17 9,290.122
/home/ubuntu/Lustre-exp/kind2-benchmarks/FMCAD08/Int32/memory1/DRAGON_10_e2_402.lus,4.074,2,365,12,timeout,15 8,290.12
/home/ubuntu/Lustre-exp/kind2-benchmarks/FMCAD08/Int32/memory1/DRAGON_10_e3_144_e5_2046.lus,3.365,2,352,12,timeout,15 8,290.118
/home/ubuntu/Lustre-exp/kind2-benchmarks/FMCAD08/Int32/memory1/DRAGON_10_e3_3429.lus,8.568,2,393,13,timeout,16 9,290.12
/home/ubuntu/Lustre-exp/kind2-benchmarks/FMCAD08/Int32/memory1/DRAGON_14.lus,78.136,2,454,14,timeout,18 10,290.119
/home/ubuntu/Lustre-exp/kind2-benchmarks/FMCAD08/Int32/memory1/DRAGON_14_e2_3606.lus,150.934,2,456,15,timeout,18 11,290.122
/home/ubuntu/Lustre-exp/kind2-benchmarks/FMCAD08/Int32/memory1/DRAGON_14_e3_5120.lus,193.646,2,574,17,timeout,21 13,290.122
/home/ubuntu/Lustre-exp/kind2-benchmarks/FMCAD08/Int32/memory1/DRAGON_14_e7_3162.lus,13.565,2,222,10,unsafe,7 1,14.008
/home/ubuntu/Lustre-exp/kind2-benchmarks/FMCAD08/Int32/memory1/DRAGON_14_e7_3162_e1_3998.lus,178.951,2,730,21,unsafe,23 9,179.437
/home/ubuntu/Lustre-exp/kind2-benchmarks/FMCAD08/Int32/memory1/DRAGON_14_e7_3162_e2_753.lus,41.916,2,259,10,unsafe,9 4,42.346
/home/ubuntu/Lustre-exp/kind2-benchmarks/FMCAD08/Int32/memory1/DRAGON_14_e7_3162_e7_3528.lus,25.427,2,282,12,unsafe,10 5,25.89
/home/ubuntu/Lustre-exp/kind2-benchmarks/FMCAD08/Int32/memory1/DRAGON_2.lus,Not Found,Not Found,Not Found,Not Found,timeout,Not Found,290.117
/home/ubuntu/Lustre-exp/kind2-benchmarks/FMCAD08/Int32/memory1/DRAGON_2_e1_2316.lus,Not Found,Not Found,Not Found,Not Found,timeout,Not Found,290.121
/home/ubuntu/Lustre-exp/kind2-benchmarks/FMCAD08/Int32/memory1/DRAGON_2_e2_3183_e1_2644.lus,Not Found,Not Found,Not Found,Not Found,timeout,Not Found,290.127
/home/ubuntu/Lustre-exp/kind2-benchmarks/FMCAD08/Int32/memory1/DRAGON_2_e2_3183_e2_3580.lus,Not Found,Not Found,Not Found,Not Found,timeout,Not Found,290.117
/home/ubuntu/Lustre-exp/kind2-benchmarks/FMCAD08/Int32/memory1/DRAGON_2_e2_3183_e3_5972.lus,Not Found,Not Found,Not Found,Not Found,timeout,Not Found,290.117
/home/ubuntu/Lustre-exp/kind2-benchmarks/FMCAD08/Int32/memory1/DRAGON_2_e2_4481.lus,Not Found,Not Found,Not Found,Not Found,timeout,Not Found,290.118
/home/ubuntu/Lustre-exp/kind2-benchmarks/FMCAD08/Int32/memory1/DRAGON_2_e7_25_e8_3171.lus,Not Found,Not Found,Not Found,Not Found,timeout,Not Found,290.121
/home/ubuntu/Lustre-exp/kind2-benchmarks/FMCAD08/Int32/memory1/DRAGON_3.lus,Not Found,Not Found,Not Found,Not Found,timeout,Not Found,290.12
/home/ubuntu/Lustre-exp/kind2-benchmarks/FMCAD08/Int32/memory1/DRAGON_3_e1_4783.lus,Not Found,Not Found,Not Found,Not Found,timeout,Not Found,290.12
/home/ubuntu/Lustre-exp/kind2-benchmarks/FMCAD08/Int32/memory1/DRAGON_3_e1_4783_e1_3755.lus,Not Found,Not Found,Not Found,Not Found,timeout,Not Found,290.117
/home/ubuntu/Lustre-exp/kind2-benchmarks/FMCAD08/Int32/memory1/DRAGON_3_e1_4783_e2_158.lus,Not Found,Not Found,Not Found,Not Found,timeout,Not Found,290.119
/home/ubuntu/Lustre-exp/kind2-benchmarks/FMCAD08/Int32/memory1/DRAGON_3_e1_4783_e3_511.lus,Not Found,Not Found,Not Found,Not Found,timeout,Not Found,290.119
/home/ubuntu/Lustre-exp/kind2-benchmarks/FMCAD08/Int32/memory1/DRAGON_3_e2_5343_e1_988.lus,Not Found,Not Found,Not Found,Not Found,timeout,Not Found,290.121
/home/ubuntu/Lustre-exp/kind2-benchmarks/FMCAD08/Int32/memory1/DRAGON_3_e3_3846.lus,Not Found,Not Found,Not Found,Not Found,timeout,Not Found,290.12
/home/ubuntu/Lustre-exp/kind2-benchmarks/FMCAD08/Int32/memory1/DRAGON_3_e3_5422_e1_2288.lus,Not Found,Not Found,Not Found,Not Found,timeout,Not Found,290.122
/home/ubuntu/Lustre-exp/kind2-benchmarks/FMCAD08/Int32/memory1/DRAGON_3_e3_5422_e2_3135.lus,Not Found,Not Found,Not Found,Not Found,timeout,Not Found,290.12
/home/ubuntu/Lustre-exp/kind2-benchmarks/FMCAD08/Int32/memory1/DRAGON_5.lus,183.705,4,354,7,safe,8 6 3,184.08
/home/ubuntu/Lustre-exp/kind2-benchmarks/FMCAD08/Int32/memory1/DRAGON_5_e1_1835.lus,99.1,2,152,5,timeout,5 3,290.155
/home/ubuntu/Lustre-exp/kind2-benchmarks/FMCAD08/Int32/memory1/DRAGON_5_e2_3018_e2_936.lus,223.154,2,153,5,timeout,6 4,290.121
/home/ubuntu/Lustre-exp/kind2-benchmarks/FMCAD08/Int32/memory1/DRAGON_6_e7_5046_e7_3623.lus,1.714,2,23,1,safe,1,2.097
/home/ubuntu/Lustre-exp/kind2-benchmarks/FMCAD08/Int32/memory1/DRAGON_8_e3_786.lus,1.936,2,147,5,timeout,7 4,290.118
/home/ubuntu/Lustre-exp/kind2-benchmarks/FMCAD08/Int32/memory1/DRAGON_8_e7_3752.lus,3.112,2,212,7,timeout,11 6,290.159
/home/ubuntu/Lustre-exp/kind2-benchmarks/FMCAD08/Int32/memory1/DRAGON_9_e7_1843_e7_2225.lus,0.191,1,23,2,timeout,2,290.161
/home/ubuntu/Lustre-exp/kind2-benchmarks/FMCAD08/Int32/memory1/DRAGON_all.lus,Not Found,Not Found,Not Found,Not Found,timeout,Not Found,290.121
/home/ubuntu/Lustre-exp/kind2-benchmarks/FMCAD08/Int32/memory1/DRAGON_all_e1_4022_e1_1759.lus,Not Found,Not Found,Not Found,Not Found,timeout,Not Found,290.121
/home/ubuntu/Lustre-exp/kind2-benchmarks/FMCAD08/Int32/memory1/DRAGON_all_e1_4022_e2_267.lus,Not Found,Not Found,Not Found,Not Found,timeout,Not Found,290.12
/home/ubuntu/Lustre-exp/kind2-benchmarks/FMCAD08/Int32/memory1/DRAGON_all_e1_4022_e3_3628.lus,Not Found,Not Found,Not Found,Not Found,timeout,Not Found,290.121
/home/ubuntu/Lustre-exp/kind2-benchmarks/FMCAD08/Int32/memory1/DRAGON_all_e1_4037.lus,Not Found,Not Found,Not Found,Not Found,timeout,Not Found,290.12
/home/ubuntu/Lustre-exp/kind2-benchmarks/FMCAD08/Int32/memory1/DRAGON_all_e2_6104.lus,Not Found,Not Found,Not Found,Not Found,timeout,Not Found,290.121
/home/ubuntu/Lustre-exp/kind2-benchmarks/FMCAD08/Int32/memory1/DRAGON_all_e2_6104_e1_6205.lus,Not Found,Not Found,Not Found,Not Found,timeout,Not Found,290.121
/home/ubuntu/Lustre-exp/kind2-benchmarks/FMCAD08/Int32/memory1/DRAGON_all_e2_6104_e2_3308.lus,Not Found,Not Found,Not Found,Not Found,timeout,Not Found,290.12
/home/ubuntu/Lustre-exp/kind2-benchmarks/FMCAD08/Int32/memory1/DRAGON_all_e2_6104_e3_2607.lus,Not Found,Not Found,Not Found,Not Found,timeout,Not Found,290.121
/home/ubuntu/Lustre-exp/kind2-benchmarks/FMCAD08/Int32/memory1/DRAGON_all_e3_4821_e1_1318.lus,Not Found,Not Found,Not Found,Not Found,timeout,Not Found,290.119
/home/ubuntu/Lustre-exp/kind2-benchmarks/FMCAD08/Int32/memory1/DRAGON_all_e3_4821_e2_1089.lus,Not Found,Not Found,Not Found,Not Found,timeout,Not Found,290.119
/home/ubuntu/Lustre-exp/kind2-benchmarks/FMCAD08/Int32/memory1/DRAGON_all_e3_4821_e4_1791.lus,Not Found,Not Found,Not Found,Not Found,timeout,Not Found,290.118
/home/ubuntu/Lustre-exp/kind2-benchmarks/FMCAD08/Int32/memory1/DRAGON_all_e3_4821_e5_1536.lus,Not Found,Not Found,Not Found,Not Found,timeout,Not Found,290.121
/home/ubuntu/Lustre-exp/kind2-benchmarks/FMCAD08/Int32/memory1/DRAGON_all_e3_5957.lus,Not Found,Not Found,Not Found,Not Found,timeout,Not Found,290.12
/home/ubuntu/Lustre-exp/kind2-benchmarks/FMCAD08/Int32/memory1/FIREFLY_1.lus,Not Found,Not Found,Not Found,Not Found,timeout,Not Found,290.118
/home/ubuntu/Lustre-exp/kind2-benchmarks/FMCAD08/Int32/memory1/FIREFLY_1_e1_1092_e2_1853.lus,Not Found,Not Found,Not Found,Not Found,timeout,Not Found,290.12
/home/ubuntu/Lustre-exp/kind2-benchmarks/FMCAD08/Int32/memory1/FIREFLY_11.lus,0.1,1,25,2,timeout,2,290.161
/home/ubuntu/Lustre-exp/kind2-benchmarks/FMCAD08/Int32/memory1/FIREFLY_11_e1_3457.lus,0.185,1,39,3,timeout,3,290.167
/home/ubuntu/Lustre-exp/kind2-benchmarks/FMCAD08/Int32/memory1/FIREFLY_11_e3_2076_e1_1270.lus,0.099,1,25,2,timeout,2,290.148
/home/ubuntu/Lustre-exp/kind2-benchmarks/FMCAD08/Int32/memory1/FIREFLY_2.lus,Not Found,Not Found,Not Found,Not Found,timeout,Not Found,290.12
/home/ubuntu/Lustre-exp/kind2-benchmarks/FMCAD08/Int32/memory1/FIREFLY_4.lus,Not Found,Not Found,Not Found,Not Found,timeout,Not Found,290.119
/home/ubuntu/Lustre-exp/kind2-benchmarks/FMCAD08/Int32/memory1/FIREFLY_4_e3_3511.lus,Not Found,Not Found,Not Found,Not Found,timeout,Not Found,290.119
/home/ubuntu/Lustre-exp/kind2-benchmarks/FMCAD08/Int32/memory1/FIREFLY_4_e3_3511_e1_2375.lus,Not Found,Not Found,Not Found,Not Found,timeout,Not Found,290.119
/home/ubuntu/Lustre-exp/kind2-benchmarks/FMCAD08/Int32/memory1/FIREFLY_4_e3_3511_e2_1923.lus,Not Found,Not Found,Not Found,Not Found,timeout,Not Found,290.119
/home/ubuntu/Lustre-exp/kind2-benchmarks/FMCAD08/Int32/memory1/FIREFLY_4_e3_3511_e3_422.lus,Not Found,Not Found,Not Found,Not Found,timeout,Not Found,290.121
/home/ubuntu/Lustre-exp/kind2-benchmarks/FMCAD08/Int32/memory1/FIREFLY_4_e3_3511_e4_1464.lus,Not Found,Not Found,Not Found,Not Found,timeout,Not Found,290.119
/home/ubuntu/Lustre-exp/kind2-benchmarks/FMCAD08/Int32/memory1/FIREFLY_4_e3_3511_e5_3248.lus,Not Found,Not Found,Not Found,Not Found,timeout,Not Found,290.119
/home/ubuntu/Lustre-exp/kind2-benchmarks/FMCAD08/Int32/memory1/FIREFLY_6.lus,65.654,6,1647,19,safe,26 24 20 14 7,66.501
/home/ubuntu/Lustre-exp/kind2-benchmarks/FMCAD08/Int32/memory1/FIREFLY_6_e2_3302.lus,44.927,4,763,10,timeout,11 9 5 2,290.153
/home/ubuntu/Lustre-exp/kind2-benchmarks/FMCAD08/Int32/memory1/FIREFLY_9.lus,0.582,2,31,1,safe,1,0.939
/home/ubuntu/Lustre-exp/kind2-benchmarks/FMCAD08/Int32/memory1/FIREFLY_9_e7_170_e3_3647.lus,0.497,2,26,1,safe,1,0.862
/home/ubuntu/Lustre-exp/kind2-benchmarks/FMCAD08/Int32/memory1/FIREFLY_a3.lus,Not Found,Not Found,Not Found,Not Found,timeout,Not Found,290.118
/home/ubuntu/Lustre-exp/kind2-benchmarks/FMCAD08/Int32/memory1/FIREFLY_a3_e1_3233_e2_2392.lus,Not Found,Not Found,Not Found,Not Found,timeout,Not Found,290.119
/home/ubuntu/Lustre-exp/kind2-benchmarks/FMCAD08/Int32/memory1/FIREFLY_a3_e1_3233_e3_2970.lus,Not Found,Not Found,Not Found,Not Found,timeout,Not Found,290.12
/home/ubuntu/Lustre-exp/kind2-benchmarks/FMCAD08/Int32/memory1/FIREFLY_a3_e2_2086_e1_3235.lus,Not Found,Not Found,Not Found,Not Found,timeout,Not Found,290.119
/home/ubuntu/Lustre-exp/kind2-benchmarks/FMCAD08/Int32/memory1/FIREFLY_a3_e2_2086_e2_2689.lus,Not Found,Not Found,Not Found,Not Found,timeout,Not Found,290.119
/home/ubuntu/Lustre-exp/kind2-benchmarks/FMCAD08/Int32/memory1/FIREFLY_a3_e2_2086_e3_2542.lus,Not Found,Not Found,Not Found,Not Found,timeout,Not Found,290.116
/home/ubuntu/Lustre-exp/kind2-benchmarks/FMCAD08/Int32/memory1/FIREFLY_a3_e2_2952.lus,Not Found,Not Found,Not Found,Not Found,timeout,Not Found,290.118
/home/ubuntu/Lustre-exp/kind2-benchmarks/FMCAD08/Int32/memory1/FIREFLY_a3_e3_314_e1_1979.lus,Not Found,Not Found,Not Found,Not Found,timeout,Not Found,290.12
/home/ubuntu/Lustre-exp/kind2-benchmarks/FMCAD08/Int32/memory1/FIREFLY_a3_e3_314_e2_2812.lus,Not Found,Not Found,Not Found,Not Found,timeout,Not Found,290.121
/home/ubuntu/Lustre-exp/kind2-benchmarks/FMCAD08/Int32/memory1/FIREFLY_a3_e3_314_e4_897.lus,Not Found,Not Found,Not Found,Not Found,timeout,Not Found,290.118
/home/ubuntu/Lustre-exp/kind2-benchmarks/FMCAD08/Int32/memory1/FIREFLY_all.lus,Not Found,Not Found,Not Found,Not Found,timeout,Not Found,290.119
/home/ubuntu/Lustre-exp/kind2-benchmarks/FMCAD08/Int32/memory1/FIREFLY_all_e1_1207_e2_3220.lus,Not Found,Not Found,Not Found,Not Found,timeout,Not Found,290.117
/home/ubuntu/Lustre-exp/kind2-benchmarks/FMCAD08/Int32/memory1/FIREFLY_all_e1_3406.lus,Not Found,Not Found,Not Found,Not Found,timeout,Not Found,290.117
/home/ubuntu/Lustre-exp/kind2-benchmarks/FMCAD08/Int32/memory1/FIREFLY_all_e2_2924_e1_768.lus,Not Found,Not Found,Not Found,Not Found,timeout,Not Found,290.119
/home/ubuntu/Lustre-exp/kind2-benchmarks/FMCAD08/Int32/memory1/FIREFLY_all_e2_2924_e2_1767.lus,Not Found,Not Found,Not Found,Not Found,timeout,Not Found,290.119
/home/ubuntu/Lustre-exp/kind2-benchmarks/FMCAD08/Int32/memory1/FIREFLY_all_e2_2924_e3_3946.lus,Not Found,Not Found,Not Found,Not Found,timeout,Not Found,290.117
/home/ubuntu/Lustre-exp/kind2-benchmarks/FMCAD08/Int32/memory1/FIREFLY_all_e3_1600_e2_676.lus,Not Found,Not Found,Not Found,Not Found,timeout,Not Found,290.118
/home/ubuntu/Lustre-exp/kind2-benchmarks/FMCAD08/Int32/memory1/FIREFLY_all_e3_1600_e4_2415.lus,Not Found,Not Found,Not Found,Not Found,timeout,Not Found,290.118
/home/ubuntu/Lustre-exp/kind2-benchmarks/FMCAD08/Int32/memory1/FIREFLY_all_e3_1600_e5_84.lus,Not Found,Not Found,Not Found,Not Found,timeout,Not Found,290.115
/home/ubuntu/Lustre-exp/kind2-benchmarks/FMCAD08/Int32/memory1/FIREFLY_luke_1a.lus,0.157,1,39,3,timeout,3,290.176
/home/ubuntu/Lustre-exp/kind2-benchmarks/FMCAD08/Int32/memory1/FIREFLY_luke_1a_e2_284_e1_2924.lus,0.093,1,25,2,timeout,2,290.153
/home/ubuntu/Lustre-exp/kind2-benchmarks/FMCAD08/Int32/memory1/FIREFLY_luke_1a_e2_284_e2_2755.lus,0.153,1,39,3,timeout,3,290.155
/home/ubuntu/Lustre-exp/kind2-benchmarks/FMCAD08/Int32/memory1/FIREFLY_luke_1a_e2_284_e3_3091.lus,0.092,1,25,2,timeout,2,290.179
/home/ubuntu/Lustre-exp/kind2-benchmarks/FMCAD08/Int32/memory1/FIREFLY_luke_1b.lus,Not Found,Not Found,Not Found,Not Found,timeout,Not Found,290.12
/home/ubuntu/Lustre-exp/kind2-benchmarks/FMCAD08/Int32/memory1/FIREFLY_luke_1b_e1_1139_e2_2893.lus,Not Found,Not Found,Not Found,Not Found,timeout,Not Found,290.122
/home/ubuntu/Lustre-exp/kind2-benchmarks/FMCAD08/Int32/memory1/FIREFLY_luke_1b_e2_3049_e1_946.lus,Not Found,Not Found,Not Found,Not Found,timeout,Not Found,290.118
/home/ubuntu/Lustre-exp/kind2-benchmarks/FMCAD08/Int32/memory1/FIREFLY_luke_1b_e3_671_e2_2131.lus,Not Found,Not Found,Not Found,Not Found,timeout,Not Found,290.119
/home/ubuntu/Lustre-exp/kind2-benchmarks/FMCAD08/Int32/memory1/FIREFLY_luke_1b_e3_671_e6_1974.lus,Not Found,Not Found,Not Found,Not Found,timeout,Not Found,290.116
/home/ubuntu/Lustre-exp/kind2-benchmarks/FMCAD08/Int32/memory1/FIREFLY_luke_2.lus,107.333,6,1463,16,safe,21 19 16 10 5,107.747
/home/ubuntu/Lustre-exp/kind2-benchmarks/FMCAD08/Int32/memory1/FIREFLY_luke_2_e2_1375_e1_418.lus,81.696,6,1452,16,safe,21 19 16 10 5,82.097
/home/ubuntu/Lustre-exp/kind2-benchmarks/FMCAD08/Int32/memory1/FIREFLY_luke_2_e7_1826_e8_126.lus,81.383,6,1461,16,safe,21 19 16 10 5,82.302
/home/ubuntu/Lustre-exp/kind2-benchmarks/FMCAD08/Int32/memory1/FIREFLY_luke_3.lus,113.578,4,1277,16,timeout,24 21 17 8,290.122
/home/ubuntu/Lustre-exp/kind2-benchmarks/FMCAD08/Int32/memory1/FIREFLY_luke_3_e1_2217_e3_1200.lus,15.146,3,389,8,timeout,11 8 4,290.171
/home/ubuntu/Lustre-exp/kind2-benchmarks/FMCAD08/Int32/memory1/FIREFLY_luke_4.lus,0.171,1,39,3,timeout,3,290.149
/home/ubuntu/Lustre-exp/kind2-benchmarks/FMCAD08/Int32/memory1/FIREFLY_luke_4_e2_325.lus,0.096,1,25,2,timeout,2,290.155
/home/ubuntu/Lustre-exp/kind2-benchmarks/FMCAD08/Int32/memory1/FIREFLY_luke_5.lus,Not Found,Not Found,Not Found,Not Found,timeout,Not Found,290.121
/home/ubuntu/Lustre-exp/kind2-benchmarks/FMCAD08/Int32/memory1/FIREFLY_luke_rt.lus,Not Found,Not Found,Not Found,Not Found,timeout,Not Found,290.12
/home/ubuntu/Lustre-exp/kind2-benchmarks/FMCAD08/Int32/memory1/FIREFLY_luke_rt_e1_913_e2_3353.lus,Not Found,Not Found,Not Found,Not Found,timeout,Not Found,290.12
/home/ubuntu/Lustre-exp/kind2-benchmarks/FMCAD08/Int32/memory1/FIREFLY_luke_rt_e2_3460_e1_1455.lus,Not Found,Not Found,Not Found,Not Found,timeout,Not Found,290.117
/home/ubuntu/Lustre-exp/kind2-benchmarks/FMCAD08/Int32/memory1/FIREFLY_rt.lus,0.257,1,68,5,timeout,5,290.285
/home/ubuntu/Lustre-exp/kind2-benchmarks/FMCAD08/Int32/memory1/FIREFLY_rt_e3_1770_e2_637.lus,1.153,2,309,11,timeout,14 8,290.147
/home/ubuntu/Lustre-exp/kind2-benchmarks/FMCAD08/Int32/memory1/FIREFLY_u1.lus,9.395,4,730,8,timeout,10 8 5 2,34
/home/ubuntu/Lustre-exp/kind2-benchmarks/FMCAD08/Int32/memory1/FIREFLY_u1_e2_3403_e2_957.lus,195.932,3,1048,21,timeout,30 21 10,290.125
/home/ubuntu/Lustre-exp/kind2-benchmarks/FMCAD08/Int32/memory2/ILLINOIS_2.lus,Not Found,Not Found,Not Found,Not Found,timeout,Not Found,290.117
/home/ubuntu/Lustre-exp/kind2-benchmarks/FMCAD08/Int32/memory2/ILLINOIS_2_e1_834_e2_3395.lus,Not Found,Not Found,Not Found,Not Found,timeout,Not Found,290.119
/home/ubuntu/Lustre-exp/kind2-benchmarks/FMCAD08/Int32/memory2/ILLINOIS_2_e2_2367_e1_3182.lus,Not Found,Not Found,Not Found,Not Found,timeout,Not Found,290.117
/home/ubuntu/Lustre-exp/kind2-benchmarks/FMCAD08/Int32/memory2/ILLINOIS_3.lus,Not Found,Not Found,Not Found,Not Found,timeout,Not Found,290.121
/home/ubuntu/Lustre-exp/kind2-benchmarks/FMCAD08/Int32/memory2/ILLINOIS_a1.lus,5.618,4,575,12,safe,14 10 4,6
/home/ubuntu/Lustre-exp/kind2-benchmarks/FMCAD08/Int32/memory2/ILLINOIS_all.lus,Not Found,Not Found,Not Found,Not Found,timeout,Not Found,290.118
/home/ubuntu/Lustre-exp/kind2-benchmarks/FMCAD08/Int32/memory2/ILLINOIS_r4a.lus,226.807,3,783,14,timeout,20 16 7,290.16
/home/ubuntu/Lustre-exp/kind2-benchmarks/FMCAD08/Int32/memory2/MESI_1_e2_162_e7_1545.lus,208.336,6,1842,18,timeout,17 16 15 14 13 12,290.156
/home/ubuntu/Lustre-exp/kind2-benchmarks/FMCAD08/Int32/memory2/MESI_3_e1_2517_e8_2163.lus,Not Found,Not Found,Not Found,Not Found,timeout,Not Found,290.117
/home/ubuntu/Lustre-exp/kind2-benchmarks/FMCAD08/Int32/memory2/MESI_3_e2_819_e1_1145.lus,Not Found,Not Found,Not Found,Not Found,timeout,Not Found,290.119
/home/ubuntu/Lustre-exp/kind2-benchmarks/FMCAD08/Int32/memory2/MESI_3_e2_819_e4_1595.lus,Not Found,Not Found,Not Found,Not Found,timeout,Not Found,290.119
/home/ubuntu/Lustre-exp/kind2-benchmarks/FMCAD08/Int32/memory2/MESI_4_e7_1140_e7_433.lus,1.52,4,273,5,safe,4 3 2,1.864
/home/ubuntu/Lustre-exp/kind2-benchmarks/FMCAD08/Int32/memory2/MESI_all.lus,0.359,4,223,4,safe,3 2 0,0.711
/home/ubuntu/Lustre-exp/kind2-benchmarks/FMCAD08/Int32/memory2/MESI_all_e4_1147_e7_497.lus,10.461,6,810,10,safe,7 6 5 4 3,10.821
/home/ubuntu/Lustre-exp/kind2-benchmarks/FMCAD08/Int32/memory2/MESI_i3_e1_447.lus,3.465,2,59,4,unsafe,2 1,3.836
/home/ubuntu/Lustre-exp/kind2-benchmarks/FMCAD08/Int32/memory2/MESI_i3_e1_447_e3_1180.lus,10.759,2,40,2,safe,2,11.106
/home/ubuntu/Lustre-exp/kind2-benchmarks/FMCAD08/Int32/memory2/MESI_i3_e1_447_e7_2194.lus,1.559,2,55,4,unsafe,2 1,1.914
/home/ubuntu/Lustre-exp/kind2-benchmarks/FMCAD08/Int32/memory2/MOESI_2.lus,Not Found,Not Found,Not Found,Not Found,timeout,Not Found,290.117
/home/ubuntu/Lustre-exp/kind2-benchmarks/FMCAD08/Int32/memory2/MOESI_2_e1_1753.lus,Not Found,Not Found,Not Found,Not Found,timeout,Not Found,290.118
/home/ubuntu/Lustre-exp/kind2-benchmarks/FMCAD08/Int32/memory2/MOESI_2_e1_1753_e3_2021.lus,Not Found,Not Found,Not Found,Not Found,timeout,Not Found,290.116
/home/ubuntu/Lustre-exp/kind2-benchmarks/FMCAD08/Int32/memory2/MOESI_2_e2_155.lus,Not Found,Not Found,Not Found,Not Found,timeout,Not Found,290.118
/home/ubuntu/Lustre-exp/kind2-benchmarks/FMCAD08/Int32/memory2/MOESI_2_e2_1599_e8_1334.lus,Not Found,Not Found,Not Found,Not Found,timeout,Not Found,290.118
/home/ubuntu/Lustre-exp/kind2-benchmarks/FMCAD08/Int32/memory2/MOESI_2_e3_929.lus,Not Found,Not Found,Not Found,Not Found,timeout,Not Found,290.116
/home/ubuntu/Lustre-exp/kind2-benchmarks/FMCAD08/Int32/memory2/MOESI_2_e3_929_e4_578.lus,Not Found,Not Found,Not Found,Not Found,timeout,Not Found,290.117
/home/ubuntu/Lustre-exp/kind2-benchmarks/FMCAD08/Int32/memory2/MOESI_2_e3_929_e5_1826.lus,Not Found,Not Found,Not Found,Not Found,timeout,Not Found,290.119
/home/ubuntu/Lustre-exp/kind2-benchmarks/FMCAD08/Int32/memory2/MOESI_2_e3_929_e6_2707.lus,Not Found,Not Found,Not Found,Not Found,timeout,Not Found,290.118
/home/ubuntu/Lustre-exp/kind2-benchmarks/FMCAD08/Int32/memory2/MOESI_2_e3_929_e8_1167.lus,Not Found,Not Found,Not Found,Not Found,timeout,Not Found,290.117
/home/ubuntu/Lustre-exp/kind2-benchmarks/FMCAD08/Int32/memory2/MOESI_2_e8_101.lus,Not Found,Not Found,Not Found,Not Found,timeout,Not Found,290.117
/home/ubuntu/Lustre-exp/kind2-benchmarks/FMCAD08/Int32/memory2/MOESI_2_e8_926_e1_1065.lus,Not Found,Not Found,Not Found,Not Found,timeout,Not Found,290.117
/home/ubuntu/Lustre-exp/kind2-benchmarks/FMCAD08/Int32/memory2/MOESI_2_e8_926_e8_2138.lus,Not Found,Not Found,Not Found,Not Found,timeout,Not Found,290.12
/home/ubuntu/Lustre-exp/kind2-benchmarks/FMCAD08/Int32/memory2/MOESI_all.lus,Not Found,Not Found,Not Found,Not Found,timeout,Not Found,290.116
/home/ubuntu/Lustre-exp/kind2-benchmarks/FMCAD08/Int32/memory2/SYNAPSE_123.lus,127.098,2,58,3,safe,3,127.457
/home/ubuntu/Lustre-exp/kind2-benchmarks/FMCAD08/Int32/memory2/SYNAPSE_123_e7_837_e7_1262.lus,189.089,2,56,3,safe,3,189.44
/home/ubuntu/Lustre-exp/kind2-benchmarks/FMCAD08/Int32/memory2/SYNAPSE_123_e7_856.lus,206.271,2,52,3,safe,3,206.637
/home/ubuntu/Lustre-exp/kind2-benchmarks/FMCAD08/Int32/memory2/SYNAPSE_123_e8_953.lus,198.238,2,60,3,safe,3,198.602
/home/ubuntu/Lustre-exp/kind2-benchmarks/FMCAD08/Int32/memory2/SYNAPSE_123_e8_953_e7_1465.lus,236.814,2,60,3,safe,3,237.165
/home/ubuntu/Lustre-exp/kind2-benchmarks/FMCAD08/Int32/memory2/SYNAPSE_123_e8_953_e8_941.lus,203.873,2,60,3,safe,3,204.237
/home/ubuntu/Lustre-exp/kind2-benchmarks/FMCAD08/Int32/memory2/SYNAPSE_2.lus,15.544,2,29,1,safe,1,15.891
/home/ubuntu/Lustre-exp/kind2-benchmarks/FMCAD08/Int32/memory2/SYNAPSE_2_e8_1118_e7_1043.lus,30.752,2,29,1,safe,1,31.094
/home/ubuntu/Lustre-exp/kind2-benchmarks/FMCAD08/Int32/memory2/SYNAPSE_2_e8_1118_e8_1177.lus,21.717,2,29,1,safe,1,22.08
/home/ubuntu/Lustre-exp/kind2-benchmarks/FMCAD08/Int32/memory2/SYNAPSE_2_e8_656.lus,59.671,2,29,1,safe,1,60.023
/home/ubuntu/Lustre-exp/kind2-benchmarks/FMCAD08/Int32/memory2/SYNAPSE_3.lus,138.646,2,29,1,safe,1,139.002
/home/ubuntu/Lustre-exp/kind2-benchmarks/FMCAD08/Int32/memory2/SYNAPSE_3_e7_1444_e7_638.lus,67.445,2,29,1,safe,1,67.795
/home/ubuntu/Lustre-exp/kind2-benchmarks/FMCAD08/Int32/memory2/SYNAPSE_3_e7_425.lus,61.311,2,29,1,safe,1,61.667
/home/ubuntu/Lustre-exp/kind2-benchmarks/FMCAD08/Int32/memory2/SYNAPSE_3_e8_1329_e7_1062.lus,21.257,2,25,1,safe,1,21.607
/home/ubuntu/Lustre-exp/kind2-benchmarks/FMCAD08/Int32/memory2/SYNAPSE_3_e8_1329_e8_320.lus,43.514,2,29,1,safe,1,43.863
/home/ubuntu/Lustre-exp/kind2-benchmarks/FMCAD08/Int32/memory2/SYNAPSE_3_e8_1708.lus,36.951,2,29,1,safe,1,37.293
/home/ubuntu/Lustre-exp/kind2-benchmarks/FMCAD08/Int32/memory2/SYNAPSE_all.lus,173.168,2,77,4,safe,4,173.518
/home/ubuntu/Lustre-exp/kind2-benchmarks/FMCAD08/Int32/memory2/SYNAPSE_all_e7_907.lus,115.283,2,73,4,safe,4,115.635
/home/ubuntu/Lustre-exp/kind2-benchmarks/FMCAD08/Int32/memory2/SYNAPSE_all_e7_907_e7_1363.lus,Not Found,Not Found,Not Found,Not Found,timeout,Not Found,290.117
/home/ubuntu/Lustre-exp/kind2-benchmarks/FMCAD08/Int32/memory2/SYNAPSE_all_e8_251.lus,260.574,2,77,4,safe,4,260.936
/home/ubuntu/Lustre-exp/kind2-benchmarks/FMCAD08/Int32/misc/_6counters.lus,10.342,9,5890,46,unsafe,36 33 29 25 23 21 17 14 11,10.695
/home/ubuntu/Lustre-exp/kind2-benchmarks/FMCAD08/Int32/misc/_6counters_e8_371_e1_448.lus,0.761,5,943,11,timeout,12 10 8 6 4,290.336
/home/ubuntu/Lustre-exp/kind2-benchmarks/FMCAD08/Int32/misc/traffic.lus,Not Found,Not Found,Not Found,Not Found,timeout,Not Found,290.115
/home/ubuntu/Lustre-exp/kind2-benchmarks/FMCAD08/Int32/misc/twisted_counters.lus,8.643,9,5297,42,safe,41 38 34 31 28 25 20 9,9.001
/home/ubuntu/Lustre-exp/kind2-benchmarks/FMCAD08/Int32/misc/two_counters.lus,1.444,6,1514,19,safe,24 22 17 14 9,1.793
/home/ubuntu/Lustre-exp/kind2-benchmarks/FMCAD08/Int32/protocol/peterson_all.lus,1.914,4,467,8,safe,8 4 0,2.317
/home/ubuntu/Lustre-exp/kind2-benchmarks/FMCAD08/Int32/protocol/peterson_vt.lus,Not Found,Not Found,Not Found,Not Found,timeout,Not Found,290.117
/home/ubuntu/Lustre-exp/kind2-benchmarks/FMCAD08/Int32/protocol/rtp_10_e7_106_e7_2564.lus,141.731,9,1892,12,timeout,10 9 8 7 6 5 4 3 2,290.168
/home/ubuntu/Lustre-exp/kind2-benchmarks/FMCAD08/Int32/protocol/rtp_5_e7_3972.lus,5.431,4,509,8,timeout,5 4 3 2,290.368
/home/ubuntu/Lustre-exp/kind2-benchmarks/FMCAD08/Int32/protocol/rtp_all.lus,6.921,4,1033,19,safe,16 8 0,7.32
/home/ubuntu/Lustre-exp/kind2-benchmarks/FMCAD08/Int32/protocol/rtp_vt.lus,56.791,4,1506,21,timeout,26 25 21 14,290.125
/home/ubuntu/Lustre-exp/kind2-benchmarks/FMCAD08/Int32/protocol/swimmingpool_1.lus,Not Found,Not Found,Not Found,Not Found,timeout,Not Found,290.119
/home/ubuntu/Lustre-exp/kind2-benchmarks/FMCAD08/Int32/protocol/swimmingpool_1_e7_1621.lus,Not Found,Not Found,Not Found,Not Found,timeout,Not Found,290.119
/home/ubuntu/Lustre-exp/kind2-benchmarks/FMCAD08/Int32/protocol/swimmingpool_5.lus,0.376,2,76,6,unsafe,3 2,0.774
/home/ubuntu/Lustre-exp/kind2-benchmarks/FMCAD08/Int32/protocol/swimmingpool_6.lus,0.38,2,71,6,unsafe,3 1,0.776
/home/ubuntu/Lustre-exp/kind2-benchmarks/FMCAD08/Int32/protocol/swimmingpool_6_e7_10_e7_341.lus,3.942,3,307,10,unsafe,6 5 2,4.347
/home/ubuntu/Lustre-exp/kind2-benchmarks/FMCAD08/Int32/protocol/swimmingpool_6_e7_399.lus,5.9,4,475,14,unsafe,9 8 6 3,6.324
/home/ubuntu/Lustre-exp/kind2-benchmarks/FMCAD08/Int32/protocol/swimmingpool_7.lus,58.874,4,1127,13,timeout,23 21 17 10,290.123
/home/ubuntu/Lustre-exp/kind2-benchmarks/FMCAD08/Int32/protocol/swimmingpool_8.lus,14.177,5,686,11,timeout,10 9 8 6 3,55.181
/home/ubuntu/Lustre-exp/kind2-benchmarks/FMCAD08/Int32/protocol/swimmingpool_9.lus,27.859,5,1009,18,timeout,21 18 14 10 4,290.126
/home/ubuntu/Lustre-exp/kind2-benchmarks/FMCAD08/Int32/simulation/car_5.lus,93.83,8,1612,10,timeout,9 8 7 6 5 4 3 2,290.62
/home/ubuntu/Lustre-exp/kind2-benchmarks/FMCAD08/Int32/simulation/car_5_e2_405_e2_1083.lus,0.39,2,145,11,unsafe,9 2,0.756
/home/ubuntu/Lustre-exp/kind2-benchmarks/FMCAD08/Int32/simulation/car_5_e2_405_e3_473.lus,0.449,2,157,12,unsafe,10 3,0.821
/home/ubuntu/Lustre-exp/kind2-benchmarks/FMCAD08/Int32/simulation/car_5_e2_405_e8_1055.lus,0.412,2,144,11,unsafe,8 1,0.782
/home/ubuntu/Lustre-exp/kind2-benchmarks/FMCAD08/Int32/simulation/car_5_e3_11_e1_429.lus,1.172,2,193,13,unsafe,11 3,1.546
/home/ubuntu/Lustre-exp/kind2-benchmarks/FMCAD08/Int32/simulation/car_5_e3_11_e5_24.lus,0.955,2,154,11,unsafe,9 1,1.33
/home/ubuntu/Lustre-exp/kind2-benchmarks/FMCAD08/Int32/simulation/car_5_e3_661.lus,1.017,2,150,11,unsafe,9 2,1.386
/home/ubuntu/Lustre-exp/kind2-benchmarks/FMCAD08/Int32/simulation/car_5_e7_244.lus,117.42,8,1850,11,timeout,10 8 7 6 5 4 3 2,290.396
/home/ubuntu/Lustre-exp/kind2-benchmarks/FMCAD08/Int32/simulation/car_5_e7_244_e1_823.lus,73.515,8,1668,10,timeout,9 8 7 6 5 4 3 2,290.165
/home/ubuntu/Lustre-exp/kind2-benchmarks/FMCAD08/Int32/simulation/car_5_e7_244_e2_693.lus,0.422,2,155,12,unsafe,10 3,0.783
/home/ubuntu/Lustre-exp/kind2-benchmarks/FMCAD08/Int32/simulation/car_6.lus,118.779,9,2148,13,timeout,10 9 8 7 6 5 4 3 2,290.147
/home/ubuntu/Lustre-exp/kind2-benchmarks/FMCAD08/Int32/simulation/car_6_e1_152.lus,208.691,9,2132,12,timeout,10 9 8 7 6 5 4 3 2,290.145
/home/ubuntu/Lustre-exp/kind2-benchmarks/FMCAD08/Int32/simulation/car_6_e1_152_e1_391.lus,171.731,9,2170,13,timeout,10 9 8 7 6 5 4 3 2,290.172
/home/ubuntu/Lustre-exp/kind2-benchmarks/FMCAD08/Int32/simulation/car_6_e2_589_e2_506.lus,0.353,2,192,14,unsafe,12 3,0.714
/home/ubuntu/Lustre-exp/kind2-benchmarks/FMCAD08/Int32/simulation/car_6_e2_589_e3_349.lus,0.529,2,176,13,unsafe,11 2,0.891
/home/ubuntu/Lustre-exp/kind2-benchmarks/FMCAD08/Int32/simulation/car_6_e2_893.lus,0.338,2,176,13,unsafe,11 2,0.697
/home/ubuntu/Lustre-exp/kind2-benchmarks/FMCAD08/Int32/simulation/car_6_e3_294_e1_956.lus,0.947,2,192,14,unsafe,12 3,1.314
/home/ubuntu/Lustre-exp/kind2-benchmarks/FMCAD08/Int32/simulation/car_6_e3_294_e3_47.lus,0.947,2,178,13,unsafe,11 2,1.31
/home/ubuntu/Lustre-exp/kind2-benchmarks/FMCAD08/Int32/simulation/car_6_e3_294_e5_979.lus,0.94,2,176,13,unsafe,11 2,1.308
/home/ubuntu/Lustre-exp/kind2-benchmarks/FMCAD08/Int32/simulation/car_all.lus,8.781,6,1021,11,safe,10 7 5 3 2,9.118
/home/ubuntu/Lustre-exp/kind2-benchmarks/FMCAD08/Int32/simulation/car_all_e2_142.lus,2.367,6,615,8,safe,5 4 3 2 1,2.729
/home/ubuntu/Lustre-exp/kind2-benchmarks/FMCAD08/Int32/simulation/car_all_e2_142_e7_209.lus,0.575,3,191,7,safe,6 5,0.92
/home/ubuntu/Lustre-exp/kind2-benchmarks/FMCAD08/Int32/simulation/car_all_e3_1068_e4_275.lus,2.351,6,615,8,safe,5 4 3 2 1,2.71
/home/ubuntu/Lustre-exp/kind2-benchmarks/FMCAD08/Int32/simulation/car_all_e7_188_e7_743.lus,1.484,4,422,11,safe,9 6 4,1.822
/home/ubuntu/Lustre-exp/kind2-benchmarks/FMCAD08/Int32/simulation/car_all_e8_856.lus,9.747,6,1131,13,safe,13 10 8 6 4,10.092
/home/ubuntu/Lustre-exp/kind2-benchmarks/FMCAD08/Int32/simulation/car_all_e8_856_e2_585.lus,2.5,6,607,7,safe,5 4 3 2 1,2.854
/home/ubuntu/Lustre-exp/kind2-benchmarks/FMCAD08/Int32/simulation/car_all_e8_856_e7_578.lus,0.946,3,217,8,safe,9 7,1.295
/home/ubuntu/Lustre-exp/kind2-benchmarks/FMCAD08/Int32/simulation/cd.lus,1.968,3,165,4,timeout,3 2 1,290.208
/home/ubuntu/Lustre-exp/kind2-benchmarks/FMCAD08/Int32/simulation/cd_e7_621_e7_669.lus,Not Found,Not Found,Not Found,Not Found,timeout,Not Found,290.121
/home/ubuntu/Lustre-exp/kind2-benchmarks/FMCAD08/Int32/simulation/cd_e7_8.lus,Not Found,Not Found,Not Found,Not Found,timeout,Not Found,290.115
/home/ubuntu/Lustre-exp/kind2-benchmarks/FMCAD08/Int32/simulation/metros_1.lus,138.623,4,640,15,safe,3 1 0,138.98
/home/ubuntu/Lustre-exp/kind2-benchmarks/FMCAD08/Int32/simulation/metros_1_e1_846_e1_1317.lus,100.561,2,394,15,timeout,16 13,290.123
/home/ubuntu/Lustre-exp/kind2-benchmarks/FMCAD08/Int32/simulation/metros_1_e1_846_e2_1394.lus,53.005,2,380,15,timeout,15 12,290.12
/home/ubuntu/Lustre-exp/kind2-benchmarks/FMCAD08/Int32/simulation/metros_1_e1_846_e3_1060.lus,48.171,4,713,16,safe,7 3 2,48.541
/home/ubuntu/Lustre-exp/kind2-benchmarks/FMCAD08/Int32/simulation/metros_1_e1_846_e7_397.lus,1.423,2,187,8,timeout,9 5,290.122
/home/ubuntu/Lustre-exp/kind2-benchmarks/FMCAD08/Int32/simulation/metros_1_e2_1102_e1_317.lus,282.47,4,864,16,timeout,11 7 4 3,290.121
/home/ubuntu/Lustre-exp/kind2-benchmarks/FMCAD08/Int32/simulation/metros_1_e2_1102_e2_943.lus,192.063,4,937,22,safe,6 3 2,192.432
/home/ubuntu/Lustre-exp/kind2-benchmarks/FMCAD08/Int32/simulation/metros_1_e2_1102_e3_961.lus,33.022,2,309,13,timeout,13 10,290.118
/home/ubuntu/Lustre-exp/kind2-benchmarks/FMCAD08/Int32/simulation/metros_1_e2_1102_e7_1163.lus,23.3,2,411,16,timeout,18 13,290.121
/home/ubuntu/Lustre-exp/kind2-benchmarks/FMCAD08/Int32/simulation/metros_1_e2_627.lus,124.252,2,505,17,timeout,20 14,290.122
/home/ubuntu/Lustre-exp/kind2-benchmarks/FMCAD08/Int32/simulation/metros_1_e7_1255_e7_12.lus,240.993,3,678,17,timeout,7 4 2,290.121
/home/ubuntu/Lustre-exp/kind2-benchmarks/FMCAD08/Int32/simulation/metros_1_e7_606.lus,19.785,2,408,16,timeout,18 13,290.119
/home/ubuntu/Lustre-exp/kind2-benchmarks/FMCAD08/Int32/simulation/metros_2_e2_704_e3_76.lus,237.055,2,680,25,unsafe,28 12,237.487
/home/ubuntu/Lustre-exp/kind2-benchmarks/FMCAD08/Int32/simulation/speed2_e7_223_e7_213.lus,1.873,3,379,10,timeout,12 7 5,290.139
/home/ubuntu/Lustre-exp/kind2-benchmarks/FMCAD08/Int32/simulation/speed2_e7_496.lus,191.717,6,2288,30,timeout,19 16 14 12 10 9,290.126
/home/ubuntu/Lustre-exp/kind2-benchmarks/FMCAD08/Real_Int/large/ccp01.lus,14.081,4,243,4,safe,3 2 1,14.65
/home/ubuntu/Lustre-exp/kind2-benchmarks/FMCAD08/Real_Int/large/ccp02.lus,7.017,3,98,2,safe,1 0,7.605
/home/ubuntu/Lustre-exp/kind2-benchmarks/FMCAD08/Real_Int/large/ccp03.lus,8.82,4,196,3,safe,2 1 0,9.347
/home/ubuntu/Lustre-exp/kind2-benchmarks/FMCAD08/Real_Int/large/ccp04.lus,1.616,2,41,2,safe,2,2.137
/home/ubuntu/Lustre-exp/kind2-benchmarks/FMCAD08/Real_Int/large/ccp08.lus,4.235,3,169,6,safe,6 5,4.997
/home/ubuntu/Lustre-exp/kind2-benchmarks/FMCAD08/Real_Int/large/ccp10.lus,12.385,2,126,9,unsafe,0,13.253
/home/ubuntu/Lustre-exp/kind2-benchmarks/FMCAD08/Real_Int/large/ccp11.lus,55.217,2,779,25,timeout,24 18,290.136
/home/ubuntu/Lustre-exp/kind2-benchmarks/FMCAD08/Real_Int/large/ccp12.lus,102.194,2,1426,38,unsafe,0,103.077
/home/ubuntu/Lustre-exp/kind2-benchmarks/FMCAD08/Real_Int/large/ccp13.lus,135.429,4,2972,45,timeout,45 39 31 18,290.131
/home/ubuntu/Lustre-exp/kind2-benchmarks/FMCAD08/Real_Int/large/ccp14.lus,81.221,2,1315,39,unsafe,0,82.201
/home/ubuntu/Lustre-exp/kind2-benchmarks/FMCAD08/Real_Int/large/ccp17.lus,8.923,3,196,5,safe,6 4,9.78
/home/ubuntu/Lustre-exp/kind2-benchmarks/FMCAD08/Real_Int/large/ccp18.lus,4.393,3,155,5,safe,5 4,5.33
/home/ubuntu/Lustre-exp/kind2-benchmarks/FMCAD08/Real_Int/large/ccp20.lus,29.453,4,1141,21,safe,8 3 0,30.364
/home/ubuntu/Lustre-exp/kind2-benchmarks/FMCAD08/Real_Int/large/ccp21.lus,29.419,2,392,16,unsafe,0,30.426
/home/ubuntu/Lustre-exp/kind2-benchmarks/FMCAD08/Real_Int/large/ccp22.lus,281.528,8,10998,79,timeout,38 32 26 20 13 12 11 10,290.136
/home/ubuntu/Lustre-exp/kind2-benchmarks/FMCAD08/Real_Int/large/ccp23.lus,45.385,2,610,19,timeout,19 10,290.131
/home/ubuntu/Lustre-exp/kind2-benchmarks/FMCAD08/Real_Int/large/ccp24.lus,46.873,2,566,19,timeout,22 15,290.13
/home/ubuntu/Lustre-exp/kind2-benchmarks/FMCAD08/Real_Int/large/cruise_controller_01.lus,7.825,4,311,6,safe,5 3 2,8.265
/home/ubuntu/Lustre-exp/kind2-benchmarks/FMCAD08/Real_Int/large/cruise_controller_02.lus,3.613,4,198,3,safe,2 1 0,4.059
/home/ubuntu/Lustre-exp/kind2-benchmarks/FMCAD08/Real_Int/large/cruise_controller_03.lus,3.284,4,198,3,safe,2 1 0,3.696
/home/ubuntu/Lustre-exp/kind2-benchmarks/FMCAD08/Real_Int/large/cruise_controller_08.lus,171.144,2,12030,149,unsafe,0,171.666
/home/ubuntu/Lustre-exp/kind2-benchmarks/FMCAD08/Real_Int/large/cruise_controller_09.lus,10.564,2,231,14,unsafe,0,11.158
/home/ubuntu/Lustre-exp/kind2-benchmarks/FMCAD08/Real_Int/large/cruise_controller_10.lus,17.671,5,2275,33,safe,17 11 2 0,18.229
/home/ubuntu/Lustre-exp/kind2-benchmarks/FMCAD08/Real_Int/large/cruise_controller_12.lus,2.719,3,151,5,safe,5 4,3.203
/home/ubuntu/Lustre-exp/kind2-benchmarks/FMCAD08/Real_Int/large/cruise_controller_14.lus,0.607,3,129,3,safe,3 2,1.137
/home/ubuntu/Lustre-exp/kind2-benchmarks/FMCAD08/Real_Int/large/cruise_controller_15.lus,8.116,2,462,17,unsafe,0,8.678
/home/ubuntu/Lustre-exp/kind2-benchmarks/FMCAD08/Real_Int/large/cruise_controller_16.lus,246.791,2,12974,155,unsafe,0,247.463
/home/ubuntu/Lustre-exp/kind2-benchmarks/FMCAD08/Real_Int/large/cruise_controller_17.lus,32.431,2,1371,40,unsafe,0,33.056
/home/ubuntu/Lustre-exp/kind2-benchmarks/FMCAD08/Real_Int/large/cruise_controller_18.lus,12.303,5,660,13,safe,6 4 1 0,12.802
/home/ubuntu/Lustre-exp/kind2-benchmarks/FMCAD08/Real_Int/large/cruise_controller_19.lus,11.003,4,451,13,safe,7 5 3,11.513
/home/ubuntu/Lustre-exp/kind2-benchmarks/FMCAD08/Real_Int/large/cruise_controller_22.lus,23.742,2,1367,39,unsafe,0,24.363
/home/ubuntu/Lustre-exp/kind2-benchmarks/FMCAD08/Real_Int/large/cruise_controller_23.lus,92.457,6,7382,71,timeout,55 49 43 39 33 27,290.159
/home/ubuntu/Lustre-exp/kind2-benchmarks/FMCAD08/Real_Int/large/cruise_controller_24.lus,0.601,3,94,3,safe,2 1,1.092
/home/ubuntu/Lustre-exp/kind2-benchmarks/FMCAD08/Real_Int32/large/ccp01.lus,8.773,3,94,2,safe,1 0,9.342
/home/ubuntu/Lustre-exp/kind2-benchmarks/FMCAD08/Real_Int32/large/ccp02.lus,7.868,3,100,2,safe,1 0,8.488
/home/ubuntu/Lustre-exp/kind2-benchmarks/FMCAD08/Real_Int32/large/ccp03.lus,6.333,3,92,2,safe,1 0,6.926
/home/ubuntu/Lustre-exp/kind2-benchmarks/FMCAD08/Real_Int32/large/ccp04.lus,2.018,2,41,2,safe,2,2.544
/home/ubuntu/Lustre-exp/kind2-benchmarks/FMCAD08/Real_Int32/large/ccp08.lus,5.215,3,98,3,safe,2 1,6.079
/home/ubuntu/Lustre-exp/kind2-benchmarks/FMCAD08/Real_Int32/large/ccp10.lus,Not Found,Not Found,Not Found,Not Found,timeout,Not Found,290.118
/home/ubuntu/Lustre-exp/kind2-benchmarks/FMCAD08/Real_Int32/large/ccp11.lus,157.307,3,2165,40,timeout,40 33 23,290.164
/home/ubuntu/Lustre-exp/kind2-benchmarks/FMCAD08/Real_Int32/large/ccp13.lus,220.312,3,2058,38,timeout,46 38 22,290.127
/home/ubuntu/Lustre-exp/kind2-benchmarks/FMCAD08/Real_Int32/large/ccp14.lus,76.991,3,942,19,timeout,17 13 8,290.15
/home/ubuntu/Lustre-exp/kind2-benchmarks/FMCAD08/Real_Int32/large/ccp17.lus,25.316,4,611,11,safe,4 1 0,26.213
/home/ubuntu/Lustre-exp/kind2-benchmarks/FMCAD08/Real_Int32/large/ccp18.lus,4.587,3,155,5,safe,6 5,5.501
/home/ubuntu/Lustre-exp/kind2-benchmarks/FMCAD08/Real_Int32/large/ccp20.lus,39.429,4,1048,21,safe,6 1 0,40.452
/home/ubuntu/Lustre-exp/kind2-benchmarks/FMCAD08/Real_Int32/large/ccp21.lus,135.271,2,1478,35,unsafe,43 28,136.61
/home/ubuntu/Lustre-exp/kind2-benchmarks/FMCAD08/Real_Int32/large/ccp22.lus,215.191,3,2708,49,timeout,58 47 30,290.139
/home/ubuntu/Lustre-exp/kind2-benchmarks/FMCAD08/Real_Int32/large/ccp23.lus,44.72,2,411,16,timeout,12 7,290.131
/home/ubuntu/Lustre-exp/kind2-benchmarks/FMCAD08/Real_Int32/large/ccp24.lus,199.943,3,2405,45,timeout,39 33 21,290.131
/home/ubuntu/Lustre-exp/kind2-benchmarks/FMCAD08/Real_Int32/large/cruise_controller_01.lus,5.11,3,94,2,safe,1 0,5.552
/home/ubuntu/Lustre-exp/kind2-benchmarks/FMCAD08/Real_Int32/large/cruise_controller_02.lus,3.432,3,96,2,safe,1 0,3.87
/home/ubuntu/Lustre-exp/kind2-benchmarks/FMCAD08/Real_Int32/large/cruise_controller_03.lus,2.603,3,98,2,safe,1 0,3.029
/home/ubuntu/Lustre-exp/kind2-benchmarks/FMCAD08/Real_Int32/large/cruise_controller_04.lus,1.69,3,108,3,safe,2 1,2.149
/home/ubuntu/Lustre-exp/kind2-benchmarks/FMCAD08/Real_Int32/large/cruise_controller_08.lus,65.142,3,2301,43,timeout,42 35 22,290.171
/home/ubuntu/Lustre-exp/kind2-benchmarks/FMCAD08/Real_Int32/large/cruise_controller_09.lus,Not Found,Not Found,Not Found,Not Found,timeout,Not Found,290.117
/home/ubuntu/Lustre-exp/kind2-benchmarks/FMCAD08/Real_Int32/large/cruise_controller_10.lus,26.126,6,3016,33,safe,16 10 2 1 0,26.781
/home/ubuntu/Lustre-exp/kind2-benchmarks/FMCAD08/Real_Int32/large/cruise_controller_12.lus,2.395,3,131,4,safe,4 3,2.918
/home/ubuntu/Lustre-exp/kind2-benchmarks/FMCAD08/Real_Int32/large/cruise_controller_14.lus,0.995,3,115,3,safe,3 2,1.575
/home/ubuntu/Lustre-exp/kind2-benchmarks/FMCAD08/Real_Int32/large/cruise_controller_15.lus,44.769,2,1714,37,unsafe,46 26,45.507
/home/ubuntu/Lustre-exp/kind2-benchmarks/FMCAD08/Real_Int32/large/cruise_controller_16.lus,64.168,3,2021,43,timeout,39 32 21,153.189
/home/ubuntu/Lustre-exp/kind2-benchmarks/FMCAD08/Real_Int32/large/cruise_controller_17.lus,91.131,2,2394,53,unsafe,53 40,91.918
/home/ubuntu/Lustre-exp/kind2-benchmarks/FMCAD08/Real_Int32/large/cruise_controller_18.lus,26.844,4,808,19,safe,8 1 0,27.367
/home/ubuntu/Lustre-exp/kind2-benchmarks/FMCAD08/Real_Int32/large/cruise_controller_19.lus,23.972,4,741,17,safe,8 2 0,24.502
/home/ubuntu/Lustre-exp/kind2-benchmarks/FMCAD08/Real_Int32/large/cruise_controller_20.lus,7.561,1,135,9,timeout,9,290.121
/home/ubuntu/Lustre-exp/kind2-benchmarks/FMCAD08/Real_Int32/large/cruise_controller_22.lus,30.359,2,1697,41,unsafe,45 29,31.092
/home/ubuntu/Lustre-exp/kind2-benchmarks/FMCAD08/Real_Int32/large/cruise_controller_23.lus,160.084,4,4538,70,timeout,58 53 39 19,160.495
/home/ubuntu/Lustre-exp/kind2-benchmarks/FMCAD08/Real_Int32/large/cruise_controller_24.lus,4.573,3,177,6,safe,6 5,5.073
/home/ubuntu/Lustre-exp/kind2-benchmarks/FunctionalChain/channel/channel.lus,Not Found,Not Found,Not Found,Not Found,timeout,Not Found,290.12
/home/ubuntu/Lustre-exp/kind2-benchmarks/FunctionalChain/channel/channel_bounds.lus,Not Found,Not Found,Not Found,Not Found,timeout,Not Found,290.119
/home/ubuntu/Lustre-exp/kind2-benchmarks/FunctionalChain/channel/channel_str.lus,Not Found,Not Found,Not Found,Not Found,timeout,Not Found,290.126
/home/ubuntu/Lustre-exp/kind2-benchmarks/FunctionalChain/channel/channel_top.lus,Not Found,Not Found,Not Found,Not Found,timeout,Not Found,290.118
/home/ubuntu/Lustre-exp/kind2-benchmarks/FunctionalChain/functionalChain_bounds_large.lus,Not Found,Not Found,Not Found,Not Found,timeout,Not Found,290.132
/home/ubuntu/Lustre-exp/kind2-benchmarks/FunctionalChain/functionalChain_bounds_medium.lus,Not Found,Not Found,Not Found,Not Found,timeout,Not Found,290.117
/home/ubuntu/Lustre-exp/kind2-benchmarks/FunctionalChain/functionalChain_bounds_small.lus,Not Found,Not Found,Not Found,Not Found,timeout,Not Found,290.119
/home/ubuntu/Lustre-exp/kind2-benchmarks/FunctionalChain/functionalChain_str_large.lus,Not Found,Not Found,Not Found,Not Found,timeout,Not Found,290.118
/home/ubuntu/Lustre-exp/kind2-benchmarks/FunctionalChain/functionalChain_str_medium.lus,Not Found,Not Found,Not Found,Not Found,timeout,Not Found,290.134
/home/ubuntu/Lustre-exp/kind2-benchmarks/FunctionalChain/functionalChain_str_small.lus,Not Found,Not Found,Not Found,Not Found,timeout,Not Found,290.119
/home/ubuntu/Lustre-exp/kind2-benchmarks/FunctionalChain/reconfiguration/reconfiguration_medium.lus,238.175,9,13026,50,timeout,57 52 48 42 36 31 27 23 18,290.273
/home/ubuntu/Lustre-exp/kind2-benchmarks/FunctionalChain/reconfiguration/reconfiguration_medium_bounds.lus,15.507,8,2135,10,timeout,8 7 6 5 4 3 2 1,290.229
/home/ubuntu/Lustre-exp/kind2-benchmarks/FunctionalChain/reconfiguration/reconfiguration_small.lus,151.609,9,10833,40,timeout,39 33 28 22 19 16 13 10 7,290.213
/home/ubuntu/Lustre-exp/kind2-benchmarks/FunctionalChain/reconfiguration/reconfiguration_small_bounds.lus,106.625,10,11088,65,timeout,34 30 24 20 17 14 11 9 7 5,290.272
/home/ubuntu/Lustre-exp/kind2-benchmarks/FunctionalChain/relatedCounters/relatedCounters_small.lus,73.722,15,18200,116,safe,15 13 12 11 10 9 8 7 6 5 4 3 2 1,74.089
/home/ubuntu/Lustre-exp/kind2-benchmarks/FunctionalChain/relatedCounters/relatedCounters_small_bounds.lus,13.482,12,5058,29,safe,11 10 9 8 7 6 5 4 3 2 1,13.834
/home/ubuntu/Lustre-exp/kind2-benchmarks/FunctionalChain/triplexVoter/triplexVoter.lus,104.039,3,3686,47,timeout,61 57 30,290.352
/home/ubuntu/Lustre-exp/kind2-benchmarks/FunctionalChain/triplexVoter/triplexVoter_bounds.lus,11.546,2,348,13,timeout,14 9,290.3
/home/ubuntu/Lustre-exp/kind2-benchmarks/FunctionalChain/triplexVoter/triplexVoter_str.lus,1.169,2,143,8,safe,8,1.526
